news_id,FinRE,FinNA,summary_report,sentiment_analysis
15,台積電股價千元，7萬股民獲利結算，淨利18萬元。,股價波動/股民獲利/股民結構/減少/淨利。,台積電上周股價重返千元，有7萬多名股民獲利了結，淨利高達18萬元。股民結構持1到999股者也減少，今年台積電股價波動大，數百萬股民受益。,0.8171529173851013
4,台積電股價重返千元，林信富預估Q4EPS4281元，建議抱牢。,競爭/股價/投資/業績/股票,台積電股價收盤1005元，重返千元股行列。分析師林信富認為台積電Q4業績可望成長，表示股價仍便宜，預估EPS平均4281元，建議投資人續抱股票。,0.7876724004745483
6,台股昨日上漲，台積電成熱門自營商買超，連6漲。,收購/自營商買超/熱門股/投資風險/樂觀氛圍,台股昨日收盤上漲，自營商買超前10大股中，新光金、台積電成熱門，台積電連6漲站上千元，被自營商大量收購。另外友達、群創、全新等股也受到矚目。投資風險自負，樂觀氛圍繼續。,0.9135311245918274
7,台股23000點回收，電子尤其強勢。,收購/競爭/持股/交易/表現,台股今日開高震盪，成功收復23000點大關，漲幅逾220點，成交量預估降至3780億。電子權值股表現強勢，台積電、鴻海、聯發科皆呈上漲趨勢。PCB族群景碩、欣興，以及南電等股票也有表現。其他吸引資金流入的族群包含工具機、MCU、IC設計、鋼鐵及塑化類股。,0.9513587951660156
9,台股開盤失守23000點，收22822點，下跌36點，主因是台積電股價下跌，但美光財測驚艷，台積電ADR大漲，市場樂觀。,競爭/收購/合作/持股/交易,台股27日早盤高低震盪，開盤夜市場失守23000點，收在22822點，下跌36點。主因是台積電股價下跌。美光財測驚艷，中國承諾支持更多經濟政策，市場情緒樂觀。台積電ADR也大漲。台股目前處於連6漲的狀態，考量多項指標，短期可期待回升行情，但需注意可能的波動，進退應對為佳策略。同時，國際智,0.8824597597122192
18,台積電2330股價飆漲，投資者應考慮波動度，分散風險以降低損失。,投資/股價/漲幅/0050指數/波動度/單一股風險/分散投資/指數型ETF/投資策略/穩健賺錢,台積電2330股價漲幅超過0050指數，但投資不應僅看結果，應考慮波動度。持有單一股風險高，分散投資或投資指數型ETF能降低風險、穩定成長。投資應回歸過程和心理層面，找到適合自己的標的和策略才能長期穩健賺錢。,0.9989796280860901
19,OpenAI提議遠東建晶圓廠，台積電懷疑風險高，計劃中東設廠以降低芯片價格。,競爭/投資/風險/設廠/芯片價格,OpenAI執行長提議在遠東興建36座晶圓廠，台積電證其提議荒謬，投資7兆美元相當龐大，且台積電認為此舉風險極高。未來可能朝中東設廠，以壓抑芯片價格。,0.833372950553894
14,台積電股價重返千元，7萬股民獲利出場，有18萬元收益。,持股/收益/股價波動/股災/股東,台積電股價重返千元，有7萬多股民獲利離場。從8月股災8字頭起上車者可賺近18萬元。截至9月27日，台積電總受益人數減少69萬人。股價波動引發股民變動，從815元開始買進的股東現賺18萬元。,0.6091269850730896
8,台股開盤上漲208點，站上2萬3；台積電、鴻海、聯發科皆漲。,上漲/漲停/強勢表現/跌停/提醒投資,台股27日開盤上漲208點，站上2萬3。三大權值股台積電、鴻海、聯發科皆漲。觀察多檔個股漲停，包括汽車、電腦週邊、通訊網路等。另有製鞋股、光電股表現強勢，生技股則有一檔跌停。FTNN提醒投資人應獨立判斷評估。,0.9898681640625
16,台股開盤下跌超200點，台積電、鴻海、聯發科股價同跌，美股上漲但費城半導體指數下滑。,競爭/股價下跌/指數下跌/市場震盪/風險,台股今日開盤即跌超過200點，台積電、鴻海、聯發科股價紛紛下跌。美股上漲，費城半導體指數下跌。華冠投顧分析師提醒市場震盪整理，並關注外部因素如美國PCE數據和日本新首相。投資人應評估風險。三立新聞提供即時股市行情，提醒投資有風險。,0.9216141104698181
24,台股受美股影響大跌，台積電下挫，整體市場氣氛低迷，科技股表現疲弱。,下跌/科技股/美股/陸股/救市措施,"台股週一受美股不佳和台積電股價下跌影響，大跌598.25點收於22,224.54點。整體市場氣氛低迷，科技股尤其疲弱。台積電股價上漲前五名的個股多為傳產類股，下跌前五名的個股則包括六方科KY和萬海川湖等。分析指出，中國政府出台強力救市措施後，港股和陸股上漲，但美國科技股表現分化。未來",0.539591372013092
20,台股開盤下挫，台積電失守千元價位，大立光等權值股普遍下跌。,競爭/股指期/投資人/台股/台積電,台股今日開盤下挫，台積電失守千元價位，大立光、鴻海等權值股普遍下跌。美股主要指數上週五收漲，但台指期夜盤下挫，預估今日台股可能回測5日線。投資人應評估風險自行負責。,0.9007662534713745
23,"台股今日收盤下跌598點至22224點,台積電股價急跌至957元。",收盤點數/成交量/股價表現/政策受惠股/漲跌幅,台股今日收盤22224點，下跌598點，失守510日及月線，成交量減少至3908億。台積電股價在收盤前爆出大量賣單，股價從971元擊殺至957元收跌43元。鴻海收跌183元，聯發科則漲幅675元。中國政策受惠股表現較強，如鋼鐵、玻璃、水泥類股。,0.973680853843689
21,台股下挫超過200點，台積電受益人數下降69萬人，股價下跌15元，航運股遭下殺，電費調漲仍待宣布，美股連續三周上。,下挫/股市/預期/股價/電費調漲,台股周一開盤下挫超過200點，分析師預料短線回檔壓力大，但認為在第4季盤整後有機會震盪向上。上周台積電總受益人數下降69萬人，其股價下跌15元。其他權值股也有下跌，航運股更被下殺。電價費率審議會將於30日宣布是否調漲電費，工業總會和工商協進會希望勿再調漲。美股連續三周上,0.7760367393493652
30,颱風山陀兒逼近台灣，台積電準備完善，股價上揚。,天氣/科技公司/颱風影響/防災措施/股價上漲,颱風山陀兒正逐漸接近台灣，全台22縣市已宣布停班停課。外界關注颱風是否會對台灣知名的科技巨頭台積電造成影響。台積電表示他們已啟動例行的颱風準備程序，並預計此次颱風不會對營運造成重大影響。外媒TheRegister特別提及台積電在聲明中將防颱措施稱為例行公事。台積電股價上漲，外媒報導指出台積,0.4777511656284332
25,台股週一開盤上漲105點，台積電、鴻海等個股表現強勁，指數突破23000點。,收購/合作/競爭/持股/市場情勢,記者王翊綺報導，台股今日開盤漲105點至22329點，台積電、鴻海等個股皆呈現上漲趨勢。美股四大指數結束微幅震盪，華冠投顧分析師指出，市場仍持看多態度。中國呼籲停止購買NVIDIA產品，但拜登開放中東地區銷售，令股市稍有轉好。台股指數站上23000點，向上突破。,0.9241213202476501
27,台積電股價飆漲至977元，帶動台股重回2萬3千點，台灣電價調漲，外資賣超403億元。,股價大漲/外資賣超/人工智慧晶片/電價調漲/9月營收,台北股市10月1日開盤，台積電股價大漲至977元，帶動台股重返2萬3千點。市場關注中國大陸加強壓力向本國企業採購人工智慧晶片。另外，台灣電價調漲定案，外資昨日在台賣超403億元，黃漢成提醒投資人關注9月營收及季報。,0.8233181834220886
31,鴻海推出新車ModelD，與Pininfarina合作，10月科技日展示。,合作/新車款/展示/設計/推出,鴻海(2317)的全新電動車ModelD將與賓尼拉利納Pininfarina合作設計，將於10月8日的鴻海科技日亮相。鴻海已開發了6款電動車型，包括休旅車、轎車、巴士等，並與裕隆合資推出納智捷LUXGENn7電動車。科技日將展示人工智慧與智慧製造技術。,0.647542417049408
26,台股早盘大涨200点，台積电、鸿海、联发科等股也上涨。资金从传产股转向电子和半导体，市场资金回流至股票市场。预估今日成交量约3500亿元。鮑爾主席表示若经济数据更差，可能会更快降息。,競爭/貿易/市場擴張/經濟數據/股票市場,台股今日早盤開盤大漲逾200點，最高達22446點。台積電、鴻海、聯發科等股同步上揚。資深證券分析師指出，部分資金從昨日的傳產股轉向電子與半導體族群，市場資金回流至股票市場。建議投資者留意高息低波動的抗跌股，預估今日成交量約3500億元。Fed主席鮑爾表示若經濟數據更差，可能會更快降息,0.9211609363555908
33,鴻海2317全球多元化策略推動營收增長，考慮在歐洲設封裝廠。,收購/全球布局/生產基地/營收增長/投資,鴻海2317是全球最大的EMS服務提供商，業務涵蓋各種產品，客戶包括蘋果、微軟等科技巨頭。鴻海在全球布局多元化，已在中國、印度、東南亞、北美等地設有生產基地，並在巴西首次生產iPhone16。公司營收持續增長，積極在半導體領域投資，考慮在歐洲設立封裝廠。鴻海的全球多元化策略及新技術擴展將助於未來,0.9111501574516296
32,鴻海飆漲4%，突破190元，預估可挑戰200元。,收購/競爭/持股/市場動向/投資建議,鴻海（2317）今日強漲逾4%，突破190元大關，分析師指出基本面強勁，預估可突破200元，挑戰前高235元。雖國際局勢不穩，但Fed降息等利多消息讓市場回溫。投顧建議，鴻海季線反轉有望，短期震盪後可突破200元，長期目標看向235元。,0.988961398601532
95,颱風山陀（名稱）增強，影響台灣（關鍵信息）。,自然災害/天氣警報/颱風警報/降雨警報/風力增強,中度颱風山陀兒逐漸北上影響台灣，風力增大且降雨持續。花東地區有持續降雨，南部雨勢也將增強。基隆北海岸今晚到明天清晨也將有較強雨勢。,0.9787163138389587
98,日本海上自衛隊驅逐艦Sazanami首次通過台灣海峽，前往南海參加多邊演習。,合作/多邊演習/南海/台灣海峽/驅逐艦,日本海上自衛隊驅逐艦Sazanami首次通過台灣海峽，前往南海參加多邊演習，與澳、紐艦隊同行。消息來源未具名。,0.39200347661972046
97,投資小白詢問ETF定期定額操作，建議長期持有以創造利潤。Dcard論壇網友多偏向每月定期投入，利用股息分批買進以降低成本。,投資/ETF/定期定額/長線投入/獲利/利潤/賣出/持續投資/每月定期/長期利潤/股息/大跌/分批買進/成本,股市投資有百百種方式，投資小白問起ETF定期定額該如何操作。有人建議長線投入，避免獲利後無法創造更多利潤。網友在Dcard論壇問到兩種作法：一是獲利就賣掉，二是持續長期投資。其他人多偏向第二種方式，認為每月定期投入有助於創造長期利潤。同时也提到可以利用股息在市場大跌時分批買進，降低成本。,0.9990418553352356
104,來賓王傳一和宣傳戲劇，唐綺陽主持YahooTV節目談工作、感情。,合作/宣傳/討論/節目/分享,來賓王傳一和一位來賓宣傳戲劇，分享拍攝心境和大埔風景。台灣第一網紅唐綺陽在YahooTV討論工作、感情、電影、美食和旅遊。每週一至週三晚上10:30，別錯過YahooTV的節目唐綺陽談星室。,0.521690845489502
105,公司宣布第二季度獲利暴跌25％。,收購/合作/競爭/持股/交易,對不起，我無法理解你的問題。你需要幫忙嗎？,0.5505484938621521
106,S姐強調成功在於持久努力，不在結果，訴說隱性潛能重要性。,競爭/潛能發揮/持久努力/影片分享/江湖人物,報導中提到隱性潛能、韌性等關鍵詞，暗示成功不在於結果而在於持久努力。江湖人物S姐在影片中分享對於潛能發揮的看法。,0.6741010546684265
103,山竹颱風襲台南，風力10級，氣象署預估雨量350毫米。,自然災害/防災措施/海浪/水量增加/陣風,山陀兒颱風直撲南台灣，小琉球和墾丁海邊掀起高急海浪，風力達10級以上。民眾做好防颱措施，超商膠帶封閉門面，攤販固定帆布繩索，漁民維護漁船免受風雨損害。氣象署預估雨量可能突破350毫米，最大陣風達10級。後續颱風移動速度緩慢，風雨持續。,0.9928619265556335
112,抱歉，我不確定你的要求。請提供更多有關財務新聞的信息，以便我能為你提供準確的摘要。,競爭/合作/潛能/韌性/江湖,S姐是江湖人物，宣揚韌性和潛能的重要性。,0.9031030535697937
113,中信兄弟周思齊宣布引退，19年職棒生涯總結。,合作/職棒生涯/亞洲選球王/冠軍/個人成績,中信兄弟周思齊宣布引退，回顧19年職棒生涯從誠泰COBRAS起步，2008年加入兄弟象。他在2012年創下個人紀錄，成為亞洲選球王。在象隊，他拿下三座冠軍，個人成績千安百轟百盜。退役後，周思齊無遺憾，計畫未定。,0.9992890357971191
116,颱風山陀逼近臺灣北部，超市冷藏區搶購，農糧署推平價專區應對。,合作/競爭/供應/降價促銷/民眾囤貨,颱風山陀逼近台灣北部，超市生鮮區採購潮湧現民眾囤貨，網友發現除了紅蘿蔔和菇類外全被搶空，引發笑話風波。農糧署推出平價專區抗漲物價，各連鎖超市降價促銷應對颱風需求。唯獨紅蘿蔔和菇類供應充足，成為搞笑焦點。,0.871607780456543
115,吳慷仁與壹心娛樂簽約，計劃進軍中國市場，引起兩岸粉絲爭議。,合作/競爭/社群媒體/演藝圈/粉絲,演員吳慷仁宣布與中國經紀公司壹心娛樂簽約，打算進軍中國演藝圈。這則消息引起兩岸粉絲的不滿，導致社群媒體上的爭論。吳慷仁的好友溫昇豪低調回應此事，表示尊重吳慷仁的決定。,0.6353110074996948
117,央行调控使房市降温，购房或有优势。房市循环正常，不宜追求最低买最高卖。,房市景氣循環/央行干預投資/買房機會/房市熱度調整/房地產市場景氣,央行打炒房讓房市轉冷，買房撿便宜的機會或已到來。房市的景氣循環是正常的事，熱過頭要休息。然而，買在最低點賣在最高點是不切實際的。房市在絕望中誕生，在半信半疑中成長，並在熱絡中毀滅。從2000年以來的房市景氣循環可以看出這種情況。房地產市場有冷有熱，但別奢望買在最低點,0.9426672458648682
119,中東局勢緊張，多國關閉領空，航空公司取消航班。,競爭/關閉領空/取消航班/暫停航班/飛越領空,伊朗向以色列發射飛彈後，多國宣佈暫時關閉領空，國際航空公司取消飛往該地區的航班。包括以色列、黎巴嫩、約旦和伊拉克等地方也宣佈關閉領空。多家航空公司如法荷航、英航、達美航空、巴基斯坦國際航空公司也取消或暫停相關航班。歐盟航空安全局建議航空公司避免飛越黎巴嫩和以色列的領空。,0.8422700762748718
120,中國國慶後，香港首日暴漲，全球最牛股，交易量創歷史高。,競爭/交易/指數/政策措施/市場流入,香港股市在中国国庆节后复市，首日出现暴涨，指数一度超过台股指数收盘点数。今年以来，香港股市上涨幅度近三成，成为全球最牛股。然而，股市冲高后也出现了一定的获利了结卖压。習近平釋出的一些穩定經濟的政策措施也吸引了大量资金流入港股市场。香港股市的交易量创下历史新高。虽然台股在金管会公布的数据中的涨幅略高于港股，但如果算上,0.769646167755127
122,34位刮刮樂頭獎得主需在明天前兌獎，總金額3510萬，頭獎包括30萬、50萬、200萬、100萬、300萬等。,收購/合作/競爭/持股/交易,34位刮刮樂頭獎得主尚未兌獎，須在明天前認領總金額3510萬。若超時未認領將被充公。頭獎資訊包括30萬、50萬、200萬、100萬、300萬等。兌換須注意銀行截止時間。業者提醒可能因忘記而未兌換，建議檢查有無遺失彩券。,0.9496697783470154
121,香港股市复市首日暴涨1533点，最高达22667点，涨幅近三成，成为全球最牛股，短期涨势受习近平话语影响。,競爭/交易/持股/合作/收購,香港股市在中国国庆日后复市，首日暴涨1533点，最高达到22667点。恒生指数一度超过台股指数收盘的22390点，并且今年涨幅近三成，成为全球最牛股。然而，暴涨后出现了獲利了结和卖压，指数回落至22099点位置。習近平的一句话让资金热钱涌入香港股市，推动了此次提前受益的涨势。因此，香港股市在短期内取得了令人瞩目的上涨。在今年全球股市中，,0.7882168889045715
118,環長彭啓明在IEMN年會上提到台灣透過產業聯盟發展新技術，加速產業升級轉型，並持續站穩國際市場。,合作/環保政策/國際交流/資源使用效率/產業升級,環境部於2日舉辦了2024國際電子廢棄物管理網絡(IEMN)年會，旨在透過國際交流分享全球電子廢棄物的妥善處理策略，提高資源使用效率。環長彭啓明表示，除了推動共享經濟和綠色費率等政策，台灣還運用群體戰的策略，通過產業聯盟發展新技術，加速產業升級轉型，並持續站穩國際市場。環,0.9302425384521484
123,34位刮刮樂頭獎得主宜盡快兌現3510萬，否則充公。,合作/交易/減持/競爭/持股,34位刮刮樂頭獎得主未現身，須於明天前領走3510萬否則充公。各頭獎金額總共到達3510萬，最高為300萬。彩券行業者提醒需趕在銀行關門前兌換。未兌獎可能是第一次購買或遺忘。呼籲過年期間檢查是否有彩券。,0.922817051410675
124,NVIDIA執行長指出台灣使用AI預測颱風路徑，預計颱風登陸時間延後。,合作/技術應用/氣象預測/颱風路徑預測/自然災害評估,NVIDIA執行長黃仁勳演講指出AI可預測颱風登陸位置，台灣已使用AI平台預測山陀兒路徑，AI模式預測準確性受到注目。目前颱風移動緩慢且強度逐漸減弱，颱風登陸時間可能延後至周三。AI模式預測路徑與各國氣象單位有異，展現多元結果。中央氣象署指出山陀兒對台灣部分地區構成威脅，預計強度將減,0.9786022901535034
125,NVIDIA執行長介紹AI預測颱風，山陀兒路徑改變。,合作/技術應用/天氣預測/自然災害/科技創新,輝達NVIDIA執行長黃仁勳演講介紹AI可預測颱風，台灣氣象署也使用AI預測颱風路徑。颱風山陀兒路徑詭異，多個AI模式預測從台灣西部登陸，比傳統模式準確。山陀兒將在週三入夜後登陸南部，強度趨向減弱。中央氣象署表示，山陀兒暴風圈已進入多地區，預計強度將繼續減弱。,0.9959104061126709
132,中國股市反彈，空頭虧損69億美元，華泰證券：空頭回補或推高股價。,競爭/投資者/股價/市場反彈/做空,根據S3Partners的報告指出，中國股市在政府刺激下反彈，空頭已虧損69億美元。在近期反彈後，賣空行為放緩。華泰證券統計顯示，恒生指數日均沽空比例回落至109.8，而股價暴漲使做空投資者損失慘重。預計若市場繼續上漲，大量空頭回補將進一步推高股價。不過，如果空頭開始大規模回補，阿里巴巴的股價,0.6734469532966614
128,投資人擔憂高股息ETF股災虧損，考慮轉投市值型基金。,減持/交易/持股/投資組合/股災,投資人擔憂持有高股息ETF遇股災虧損，考慮出清改買市值型基金。網友分享在股市血崩中遭逢股災，決定先賣出賺錢的基金，留下虧損基金。其他網友建議不用再挑高波動的高股息，該如何調整投資組合以降低風險。,0.9986506104469299
130,台灣工業電價再調漲125元，經濟部希望撥補兩千億預算。,持股/競爭/合作/減持/交易,台灣工業電價將平均再調漲125元，經濟部台電希望撥補兩千億元預算。國民黨立委楊瓊瓔批評台電調漲電價卻仍虧損，呼籲政府提出明確電價及能源發展規劃。她指出政府對電價調漲需求來源不當，並主張財務改革後再討論預算撥補。楊瓊瓔呼籲政府穩定能源供應並,0.9953371286392212
131,工業電價漲125，政府要撥補兩千億補貼，國民黨批評。,競爭/持股/財務改革/能源問題/供電穩定,工業電價確定平均再調漲125，經濟部希望立法院支持撥補兩千億元預算。國民黨立委批評台電調漲電價卻向政府要預算，擔心缺電和物價上漲。政府應提出財務改革、電價規劃，解決能源問題。民眾對供電穩定和漲價擔憂，希望政府有明確政策。,0.9954929351806641
129,投資人考慮出清00929和00919ETF因股災風險，轉投006208，另議應專注市值型基金，不挑高波動高股息。,交易/持股/投資組合/市值型基金/股息ETF,投資人因ETF00929和00919遇股災虧損，考慮出清改買006208。另一網友建議應專注於市值型基金，不必再挑高波動的高股息。原PO持有成本過高，擔心未來股災風險。其他網友表示不必賣出高股息ETF，需自行判斷，另報導顯示ETF00919吸引投資人。,0.9983654618263245
134,"彭啓明提到台灣透過循環經濟政策推動產業轉型,台美合作IEMN致力電子廢棄物處理。",合作/環保政策/循環經濟/全球/產業轉型,環境部舉辦2024國際電子廢棄物管理網絡年會，強調電子廢棄物處理是淨零關鍵。彭啓明提到台灣透過循環經濟、共享經濟和環保政策來推動資源循環，加速產業轉型。台美合作IEMN致力全球電子廢棄物處理，已轉向循環經濟。環境部強調2035淨零目標，推動循環設計、電子,0.9255337119102478
135,三星GalaxyTabS10系列平板上市，推出5G和WiFi版，提供多種購機優惠。,合作/競爭/創新/硬體升級/智慧助理,三星宣布旗艦平板GalaxyTabS10系列在台上市，推出5G及WiFi版選擇，並提供多種購機優惠。GalaxyTabS10系列結合GalaxyAI創新與硬體升級，應用包括筆記智慧助理、搜尋圈再進化、網頁摘要智慧助理等。平板與手機連結後可同步通話、剪貼簿資料，還能跨裝置拖曳檔案或連結筆電。GalaxyTabS10系列搭載120Hz更新頻,0.6175217628479004
133,中國股市因政府刺激政策反彈，空頭虧損69億美元，華泰證券統計顯示恆指沽空比例下降至1098。阿里股價上漲使空頭虧損慘重，市場預測大量空頭回補將推高股價。,競爭/減持/交易/持股/市場預測,中國股市因政府刺激政策反彈，空頭虧損69億美元。近期賣空者開始減少，但仍有公司遭空頭打擊。華泰證券統計顯示恒指沽空比例下降至1098，港股互聯網沽空比例升至46。阿里股價上漲使空頭虧損慘重，市場預測大量空頭回補將推高股價。若股價繼續上漲，空頭可能加速回補，對阿里股價影響,0.9486607909202576
136,三星GalaxyTabS10台灣逆勢成長，搭載GalaxyAI和AIKey功能。,收購/合作/競爭/產品特色/市場表現,三星宣布GalaxyTabS10系列旗艦平板在台上市，搭載GalaxyAI和AIKey功能，提升生產力和創意。平板配備大螢幕、多功能SPen和書本式鍵盤皮套，可一鍵呼叫智慧助手進行打字和搜尋，也支援SamsungDeX模式轉換成筆電般桌面使用。此外，平板具備IP68防塵防水等級。GalaxyTabS10系列在台灣市場銷售逆勢成長，並提供多種優惠禮遇。遠,0.974801242351532
137,亞果遊艇推出颱風期間每呎15元的停泊優惠，提供安全的避風港。,合作/臨時停泊優惠/碼頭服務/颱風期間/船難安全,亞果遊艇為船主提供臨時停泊五折優惠，碼頭提供安全避風港。董事長表示2座碼頭有173個遊艇泊位，平時每天每呎30元，但颱風期間以每呎15元的價格開放給需要臨停的遊艇。碼頭提供休憩空間和24小時巡視，確保遊艇安全。颱風容易造成船難，亞果希望提供遊艇一個安全的避風港。,0.5612742304801941
150,戴資穎世界第5，積分87111面臨挑戰。周天成男單第9，積分71877【TSNA】,競爭/排行榜/羽球選手/世界排名/挑戰,羽球選手戴資穎維持世界第5名，周天成為男子單打第9名。戴資穎積分87111分，年終賽排名第12，面臨挑戰。周天成積分71877分，為世界第9。其他台灣選手林俊易、李佳豪、王子維分別排名12、24、25。【TSNA提供】,0.9707514643669128
146,陳炳男北科附工教練，吳柏宏轉教平鎮高中，羅國禎創WeAre運動媒體。,合作/退役/教練/運動媒體/棒球,隨味全龍三連霸教頭陳炳男成北科附工教練，興農牛吳柏宏轉教平鎮高中，羅國禎首登一軍退役後創WeAre運動媒體，以不同方式延續棒球熱情。他們都曾在職棒追夢，現在回顧職業生涯時刻，並邁向新旅程。,0.9986751675605774
145,中信兄弟棒球選手周思齊自2008年展開職業生涯，2012年達巔峰，並入選經典賽。,合作/競爭/退役/棒球選手/冠軍,周思齊是中信兄弟的棒球選手，從2008年開始他的職業生涯。他在2012年達到生涯巔峰，並於隔年入選經典賽。在象隊服役期間，他與球隊擊敗對手拿下三座冠軍。他退役後是否有遺憾尚不得知，至於未來計劃則未有消息。,0.9997356534004211
149,日本控衛河村勇輝加入灰熊參加訓練營，積極展現實力。,合作/競爭/訓練營/球衣/籃球,日本第一控衛河村勇輝加入灰熊參加訓練營，表示要努力證明自己能上場。他與加拿大華裔球員小姚明周志豪合照再現經典瞬間，引起球迷討論。河村勇輝身高172公分，選擇17號球衣，希望能靠實力證明自己。他強調NBA訓練強度高，需要努力和智慧，將繼續學習提升。,0.9997246861457825
148,日本球員河村勇輝夏季加入灰熊，與周志豪模仿經典照，訓練期挑戰高強度。,合作/訓練營/球衣/球員合照/訓練強度,日本控衛河村勇輝今夏與灰熊簽下Exhibit10合約，首次參加訓練營。他與加拿大球員周志豪合照再現經典場景，引起球迷討論。身高172公分的河村與224公分的周志豪站在一起，模仿1987年的經典萌照。河村表示NBA訓練強度高，必須全力以赴。他選擇17號球衣，與大谷有緣。,0.9879796504974365
165,法院支持小美離婚，丈夫冷漠導致婚姻破裂。,婚姻破裂/離婚/家務分擔/法院支持/網路交鋒,小美忍受丈夫21年粗言，法院支持離婚。楊繡惠控徐乃麟辱罵後反擊，展開網路交鋒。小美承擔繁重家務，丈夫冷漠，導致婚姻破裂。法官判准小美休夫。,0.8463258147239685
161,颱風山竹來襲，北一女中生熱愛學習。,合作/競爭/學習/颱風假/校園安全,颱風山陀兒持續逼近台灣，全台今2日放颱風假。北一女中學生昨晚停課後有十幾名學生夜奔校園取書準備學習，引起熱議。校長表示學生珍惜每分每秒學習，展現學習熱忱。其他學生也紛紛回學校拿書，維持讀書進度。,0.48721110820770264
157,男子童年誤食橄欖，意識錯誤後悔。,童年回憶/橄欖/檳榔/健康警示/快樂找尋,一位男子在童年時誤把橄欖當作檳榔吃了十年，最近才發現錯誤。他在學校查檳榔的危害後，意識到自己戒錯了東西，並感到後悔。他現在打算尋找童年的快樂，向橄欖道歉。曝光後，許多人分享了童年的回憶和對橄欖的喜愛。然而，也有人提醒他不要過量食用橄欖，因為它屬於醃製的果脯,0.8916080594062805
169,財政部公布8月統一發票中獎清冊，含17張千萬特別獎和15張200萬特獎，全聯福利中心和7-ELEVEN有幸運中獎者。,合作/獎金/商家/發票/消費品种,財政部公布78月統一發票中獎清冊，包括17張千萬特別獎和15張200萬特獎。其中，全聯福利中心和7-ELEVEN均有幸運中獎者，領獎期間為10/6至明年1/5。不少商店中獎的消費金額及商品類型也被公布。中獎發票明細包括蘋果AppStore、foodpanda、自由聯盟生鮮超市、OKmart、Carrefour等。,0.9738981127738953
166,颱風山陀兒襲台，需注意西南部地區強風和沿海地區的颱風暴潮，中北部降雨增加。,合作/颱風山陀兒與氣象署合作預測/防風/強風影響西南部地區，需注意防風/防災/南部沿海地區應防颱風暴潮/降雨/強降雨持續，中北部降雨明顯增加/預警/應謹慎防範颱風帶來的降雨變化,颱風山陀兒緩慢移動，氣象署預估今晚到明天上半天強風影響西南部地區，需注意防風。雖然颱風強度減弱，但登陸時仍具威力。南部沿海地區應防颱風暴潮。台東、屏東、花蓮強降雨持續，中北部降雨明顯增加。慎防颱風帶來的降雨變化。颱風在秋天路徑預測較不明確，應謹,0.8744422793388367
171,抱歉，我們的設計初衷是為了提供客觀和中立的信息，暫時無法提供廣告類型的內容。,合作/法律服務/溝通/律師/案件,這是一則廣告，宣傳謙聖國際法律事務所專精侵害配偶權的案件，提到他們主持律師王聖傑擁有多年實戰經驗及成功案例，並強調法律服務及溝通等優點。,0.5402193665504456
176,中國需應對房地產泡沫、地方政府債務和老齡化挑戰，橋水創辦人建議實施刺激和去槓桿措施。,合作/挑戰/政策刺激/去槓桿行動/歷史性轉折點,橋水創辦人達利歐認為中國經濟正面臨歷史性轉折點，需應對房地產泡沫和地方政府債務。他建議中國實施大幅刺激措施和去槓桿行動，但也提醒這將是痛苦的。達利歐認為中國需應對債務、貨幣和老齡化挑戰，他預計中國將實施更高強度的政策刺激，但也呼籲關注,0.9330086708068848
181,新北市土城警分局清水派出所所長劉宗鑫在颱風夜遭30歲女駕駛拖行撞死，新北市長表示全力照顧家屬。,合作/交通安全/公共安全/照顧家屬/撫卹待遺眷。,新北市土城警分局清水派出所所長劉宗鑫在颱風夜遭30歲女駕駛拖行撞死，新北市長侯友宜表示非常痛心難過，承諾全力照顧家屬，爭取最高的撫卹待遺眷。,0.981261134147644
177,本周發佈928檔期，推案量2850億元，台北550億，新北940億，建商延後推案，消費者不必搶房，仍有公開銷售案例。,房市檔期/推案量減少/建商延後推案/市況不佳/消費者不需搶房,本周928房市檔期登場，預估推案量減少至2850億元，其中台北約550億、新北約940億。建商延後推案導致市況不佳，消費者不需搶房。仍有案例維持進度公開銷售。消費者可多看比較，累積看屋經驗，修正對房子需求，目標更明確。,0.4624079465866089
180,總統府否認賴清德震怒指責國軍將領一事，強調賴總統尊重國軍。,合作/競爭/官威/總統府否認/爭議,總統府否認賴清德震怒指責國軍將領一事。總統府副秘書長張惇涵表明，賴總統並未摔東西或罵人，且常表達感謝之意。賴總統茶敘時因將官未起立，引發爭議。國防部解釋茶敘細節未清楚。張惇涵表示，賴總統尊重國軍，並強調賴總統不會耍官威。,0.8901767134666443
140,第一銀行獲金管會金融教育貢獻獎，重視理財觀念。,合作/獎項/金融教育/金融商品/詐騙犯罪,第一銀行獲得金管會金融教育貢獻獎的最佳協力獎和最佳投入獎，在頒獎典禮上受獎。第一銀行非常重視金融教育，認為這是讓大眾瞭解金融商品和建立理財觀念的基礎，特別是近年來詐騙犯罪日益猖獗，造成民眾財產損失和人際關係的破裂，更凸顯了金融教育的重要性。第一,0.9506047964096069
175,美財部批評IMF過於客氣，應更透明揭露中國融資保證。,競爭/批評/透明揭露/政策分析/壓力增加,美國財政部指責國際貨幣基金組織對中國經濟政策過於客氣，應更透明揭露中國貸款計劃融資保證。美財政部副部長內曼批評IMF分析中國產業政策不夠嚴謹，未關注匯率及中國人行角色。他指出IMF應為無情的真話者，并建議增加對中國的壓力以促進融資保證。美國對IMF對中國貸款計劃透,0.9423012733459473
186,山竹颱風影響商場營運，人潮增加，部分調整營業時間。,合作/競爭/營業時間調整/外送/預購商品,山陀兒颱風讓全台放颱風假，但北部天氣晴朗。民眾湧入商場用餐，假日氛圍濃厚。部分商場調整營業時間吸引民眾，外送停止令人轉向餐廳用餐。商場人潮增加，預購商品提早取貨避免假日擁擠。,0.7542504668235779
196,東岸和墨西哥灣罷工阻礙美國貨運，影響經濟。,競爭/運輸/罷工/經濟/大選前景,美國東岸和墨西哥灣港口碼頭工人罷工，影響全球經濟和美國大選前景。罷工將導致貨櫃和汽車運輸暫停，影響一半的美國貿易。,0.5314395427703857
173,橋水基金創辦人：中國或迎歷史轉折，經濟面臨危機。,合作/競爭/經濟形勢/政治局/債務,美國對沖基金橋水基金創辦人達里歐指出，中國大陸經濟可能走向歷史性轉折點，因中共政治局為因應經濟形勢召開會議，並指出此一周對中國來說極為重要。他也提到中國國家主席習近平目前挽救經濟危機的做法。達里歐認為中國可能走向經濟低迷，或成功削減債務避免危機。,0.8978268504142761
197,台灣晶片製造商將在10月上調電價，對工業用戶產生125元上漲影響。,競爭/影響/工業用戶/電價上漲/晶片製造商,根據彭博報導，台灣部分主要晶片製造商所在地將在10月中旬再次上調電價。這將對當地的工業用戶產生影響。台灣經濟部週一表示，工業企業的電價將平均上漲125。,0.8566524386405945
191,新加坡樓市升溫，房價連續五季度下跌，成交量減少。,競爭/房價下跌/成交量減少/市區重建局/趋势反转,新加坡房價連續五個季度後首次下跌，樓市成交量減少。根據新加坡市區重建局數據，私人住宅價格指數上季度環比下跌了1.1%，為自2023年第二季度以來首次下跌。这是个令人关注的趋势反转。,0.6748881340026855
193,波斯灣主權財富基金管理49兆美元，年投資550億美元。,投資/政府支持投資者/基金地位/交易搓合者,波斯灣主權財富基金管理著49兆美元，吸引人才，今年投資550億美元，占全球政府支持投資者40%。這些基金地位日漸鞏固，成為交易搓合者。,0.7091792225837708
194,澳門博彩收入9月增長15%，超預期，受益於中國節日旅遊需求。,收購/合作/競爭/增長/旅遊需求,澳門博彩收入9月較去年同期增長15%，超過預期。當地博彩中心準備迎接中國大陸的重要節日，預計可刺激旅遊需求。,0.941106379032135
195,南台灣停課影響資金需求，短期利率上漲。,減持/拆款/銀行資金供應/外資銀行/營所稅上繳,南台灣多個縣市因颱風而停班停課，部分資金需求減少。營所稅上繳與提存期底等因素影響短票利率上移，拆款則暫時穩定。銀行資金供應緊縮，部分銀行從季底後轉為拆入方向。外資銀行隔夜資金利率保持在近期區間。,0.9189068675041199
198,投資者看跌美元，偏好瑞郎兌日圓，英鎊兌紐元等交易。,競爭/交易/投資/避險/外匯,投資者對美元的看法分歧，在避開美元投資的選擇上增加了。最近幾周，有越來越多的投資者建議做空瑞郎兌日圓，買入英鎊兌紐西蘭元等交易，希望無論聯儲會的政策和美國大選的影響如何，能夠獲利。,0.9878988862037659
199,OPEC推遲增產，將舉行會議，23國聯盟同意延遲供應增加。,合作/原油產量/會議/供應增加/推遲,彭博報導，OPEC產油國將就推遲恢復原油產量舉行會議，23國聯盟同意從12月開始增加供應，晚了兩個月。,0.8784072995185852
201,亞洲到美洲的天災導致農作物價格上漲，彭博農業現貨指數月漲7％。,競爭/農產品/價格上漲/指數/漲幅,亞洲到美洲的干旱、暴雨和火災導致農作物收成擔憂，主食價格上漲，彭博農業現貨指數月度漲幅超過7％，為自2022年初俄羅斯入侵烏克蘭以來最大漲幅。,0.8965360522270203
205,南韓符合全球債券指數，對經濟影響正面。,合作/經濟指數/全球債券/財政部長/南韓。,南韓財政部長表示南韓已符合全球債券指數條件，對南韓經濟將有正面影響。,0.5664025545120239
200,日本央行加強溝通，委員警惕風險，提醒政策清晰。,政策溝通/經濟風險/利率/央行/會議,彭博報導，日本央行9月政策會議強調加強與市場溝通，某委員警惕經濟風險。另一委員表示，在提高利率時，央行需更清楚地溝通政策立場。,0.9011414051055908
202,美國海事聯盟提議碼頭工人加薪近50%，以避免罷工。與國際碼頭工人協會談判，提高報價並要求延長合同。,合作/加薪/罷工/談判/合同延長,美國海事聯盟提議碼頭工人加薪近50，希望避免東海岸和墨西哥灣港口罷工。與國際碼頭工人協會談判。美國海事聯盟已提高報價，要求延長合同。,0.5144268274307251
204,中國經濟影響力减弱。,合作/競爭/全球影響力/解決長期成長問題/美國經濟,美國經濟不再主導陸股市場，顯示中國經濟對全球影響力的限制，也擔憂中國解決長期成長問題的能力。,0.8282525539398193
203,軟銀願景基金計畫向OpenAI投資5億美元，使後者融資計畫估值達1500億美元。,投資/融資/估值籌集/商談/領投,軟銀願景基金計畫向OpenAI投資5億美元，是後者融資計畫的一部分。OpenAI正商談以1500億美元估值籌集65億美元，由ThriveCapital領投，微軟等也參與投資。,0.9919306635856628
207,中國大陸刺激措施提振投資者情緒，國債殖利率回升。,合作/競爭/市場/利率/刺激措施,中國大陸實施刺激措施提振投資者情緒，國債牛市結束。10年期國債殖利率接近7月高點，連續上升。周一國債殖利率小幅下行，但仍高於前期。周一活躍券殖利率有回落跡象。,0.9793483018875122
208,銀行拆款利率上升1bps，周一市況緊俏因颱風影響。,合作/市況/颱風假/資金調度/利率上升,票券商與銀行指出，周一市況緊俏，因為颱風將逼近台灣可能放颱風假，導致銀行態度謹慎，資金調度困難，短票利率上升。銀行資金供應有限，利率上移1基點，拆款意願低，傾向午後交易。,0.9518288969993591
209,日本8月工廠產值下降，經濟復甦動力不足，石破茂面臨挑戰。,經濟復甦/工業產值/零售額/日本經濟/新首相,彭博報導，日本8月工廠產值下降，預示經濟復甦失去動力。工業產值較7月下降3.3%，同比下降4.9%，零售額成長不足。這表明經濟可能失去動能，新首相石破茂面臨挑戰。,0.7888072729110718
211,中國大陸為提振房地產市場，實施貨幣、財政和監管措施，央行預計進一步降息，推動全球股市上漲。,合作/降息/房地產市場/全球股市上漲/監管措施,中國大陸為提振房地產市場，實施貨幣、財政和監管措施。聯準會等央行預計進一步降息，推動全球股市上漲。,0.5625209212303162
210,中國製造業連續5個月萎縮，經濟疲軟，政府需緊急刺激。,製造業/PMI/政府刺激措施/經濟/製造業收縮,中國大陸國家統計局數據顯示，製造業採購經理指數PMI報498，低於50關口，連續第五個月萎縮。經濟顯露疲軟跡象，凸顯政府刺激措施的緊迫性。PMI低於50顯示製造業處於收縮狀態，對經濟可能產生負面影響。,0.9962288737297058
212,北京加快發展半導體產業，要求企業購買本土人工智能晶片，以應對美國制裁。,收購/半導體產業/人工智能晶片/制裁/外依賴,北京加快發展半導體產業，要求企業購買本土人工智能晶片。這是應對美國制裁的一部分，旨在減少對外依賴。,0.6591636538505554
213,StellantisNV下調利潤率預測，計劃減產增促銷支出，經營利潤率降至5%-7%。,減持/下調利潤率預測/競爭加劇/減產/促銷支出,汽車製造商StellantisNV下調了今年的利潤率預測，原因是汽車市場放緩和競爭加劇。公司計劃減產並增加促銷支出。調整後的經營利潤率預計降至5%至7%，低於之前預測的兩位數。此外，Stellantis還預計工業自由現金流將在負50億至負100億歐元之間，而先前的預測則是正值。,0.988421618938446
216,德國經濟預期停滯，2024年成長預期下調。,競爭/經濟預期/下調預期/2024年經濟預測/停滯,德國政府準備下調經濟預期，預計今年無法實現成長。知情人士透露，德國政府將2024年經濟預測從之前預計的成長0.3%下調至停滯，但尚未公開預測數據。,0.9288920760154724
217,石破茂勝出自民黨總裁選後，日圓持續震盪，上周大漲1.9%。,競爭/市場/日圓/波動/上漲,日本自民黨總裁選舉後，石破茂勝出帶來市場衝擊逐漸消退。然而，日圓仍持續震盪，周一早盤下跌至142.95，午後又回升至141.65。上周五，石破茂意外勝出後，日圓曾大漲1.9%。,0.6751046180725098
218,AstonMartin股價供應鏈中斷，中國需求疲軟，年內暴跌。,減持/供應鏈中斷/中國需求疲軟/火災和洪災影響/財務困境,英國跑車製造商AstonMartin股價大跌，原因是供應鏈中斷和中國需求疲軟。該公司表示火災和洪災影響了主要供應商，一些供應商陷入財務困境。今年以來，AstonMartin股價幾乎腰斬。,0.9678111672401428
221,盛寶銀行因業務環境變化將關閉香港辦公室。,合作/收購/競爭/關閉/客戶服務,盛寶銀行將關閉香港辦公室，原因是該地區業務環境的快速變化。該公司表示這是一個困難但必要的決定，已停止在香港開設新帳戶。目前的首要任務是協助受影響的客戶順利完成過程。,0.5084187984466553
219,中國電動汽車製造商8月銷量大跌，同比下降近一半，市場份額持續下滑。,競爭/市佔率/銷量/下降/未來變化,中國電動汽車製造商8月份銷量創18個月新低，同比下降近一半，中資品牌市佔率連續第二個月下降。祥德研究機構提供的數據顯示，市場受影響，需密切關注未來變化。,0.9881299734115601
225,美國碼頭工人計劃東部和墨西哥灣沿岸罷工，政府呼籲避免衝突。,競爭/罷工/政府/港口管理/影響,美國碼頭工人計劃在東部和墨西哥灣沿岸港口進行罷工，政府和行業要求雙方避免衝突。紐約與紐澤西港口事務管理局已準備好因應潛在影響。,0.8426456451416016
224,中國股市樂觀，13年最大單周漲幅，2024年有潛力成為全球最大贏家。,合作/刺激計畫/股票指數/全球股市/最大贏家,中國股市情緒轉向樂觀，因為中國大陸宣布了一個刺激計畫，推動了在香港交易的中國股票指數在13年來的最大單周漲幅。這使得中國股市有望成為2024年全球股市中的最大贏家之一。,0.9830722808837891
223,中國刺激馬來西亞貿易，林吉特匯率第三季大漲近15%。,合作/貿易/匯率/新興市場貨幣/刺激措施,中國刺激措施提振馬來西亞貿易，使林吉特匯率第三季大漲近15%，創1971年以來最大季度漲幅，今年表現優於其他新興市場貨幣。,0.922703742980957
226,新加坡鐵礦石期貨上漲8%，中國大陸放寬房屋限制。,競爭/政策/房地產市場/商品期貨/城市限購,彭博報導，中國大陸一線城市放寬購屋限制後，新加坡鐵礦石期貨上漲8%。在中央政府支持樓市計畫後，上海、廣州和深圳三大城市放鬆住房限購政策。,0.9434922933578491
228,英特爾延後德國廠建設，使用110億美元補助款，影響歐盟半導體目標。,延遲設廠/半導體產業/補助款爭議/全球半導體供應目標/工廠規模,英特爾公司決定延後在德國馬德堡設廠，對歐盟半導體產業發展是打擊。該公司將在柏林使用110億美元補助款，引起合適地點的爭議。這對歐盟2030年前供應全球20%半導體目標生變。該德國廠原本被視為接受歐盟晶片法補助的工廠中規模最大的。,0.8282254934310913
227,"英特爾公布財報,預測不佳，裁員15000人，翻身計畫受質疑。",收購/裁員/公司治理/經營策略/股價下跌,半導體公司英特爾在8月1日公布財報後，市場對其表現失望，預估也低於分析師預期，隨後宣布裁員15000人。公司董事會在9月初舉行三天會議，評估公司未來業績不佳和股價下跌的情況，使執行長基辛格2016年推動的翻身計畫受到質疑。,0.9648592472076416
230,加藤勝信接任日本新財務大臣，將引領國家財政度過經濟轉型期。,合作/競爭/重要職位,日本將任命加藤勝信為新財務大臣，接替鈴木俊一。加藤勝信參與自民黨總裁選舉，將負責引領國家財政度過經濟轉型期。他在新冠疫情期間成功領導國家，使日本表現優於其他G7國家，並在政府中發揮了關鍵作用。,0.9887895584106445
229,拜登支持哈桑納斯魯拉被殺，承諾繼續推動和平。,合作/外交/和平/中東地區/衝突,美國總統喬拜登在哈桑納斯魯拉被殺後表示支持，他稱這是正義的體現，並承諾將繼續努力推動和平。他表示，我們的目標是通過外交手段緩和加沙和黎巴嫩的衝突，並敲定協議以消除對以色列的威脅，為更廣泛的中東地區帶來更大的穩定。,0.9978910088539124
232,波音公司的最大工会谈判中断，未能就养老金问题达成协议。(20字),合作/谈判/工会/养老金问题/工资增长,波音公司的最大工會宣布与公司的谈判中断，双方未能就養老金问题达成协议。在工资增长等问题上也没有取得实质性进展。国际机械师和航空工人协会发表声明表示，双方暂停谈判。,0.6879141926765442
233,賀錦麗微弱領先川普，營收穩定。,競爭/民意調查/經濟議程/領先/川普,彭博新聞MorningConsult最新民意調查顯示，賀錦麗微弱領先川普，表明她專注於經濟議程的競選活動幾乎抵消了川普在這個問題上的優勢。,0.6815059185028076
231,OPEC與OPCE夥伴國超產違反承諾，油價下跌20％。,減產/超產/油價下跌/市場懷疑/欺騙行為,石油輸出國組織與OPCE夥伴國在減產行動中超產，違反了承諾。自今年初以來，日產量超過自訂上限60萬桶，8月更達85萬桶。超產使國際油價下跌20％至每桶75美元，引發市場對OPEC推升油價能力的懷疑，也讓欺騙行為成為OPEC的標準作法。,0.6864951252937317
234,幣安創始人趙長鵬因反洗錢控制被捕，現已釋放。,競爭/合作/交易/持股/減持,加密貨幣交易所幣安創始人趙長鵬因未能實施反洗錢控制而被捕。他現已獲釋，年47歲。,0.714006781578064
236,拜登宣布向烏克蘭提供80億美元軍援，包括24億美元武器購買和55億美元庫存供應。,合作/購買/援助/會議/訪問,美國總統拜登宣布向烏克蘭提供近80億美元軍事援助，包括24億美元購買武器和55億美元自庫存供應。拜登計畫在德國訪問時召開盟友會議，以提供額外支持。烏克蘭總統澤倫斯基將前往白宮。,0.9936901330947876
238,中國央行降低7天期逆回購操作利率至1%，調降存款準備金率支持經濟。,金融政策調節/逆回購操作利率/存款準備金率/經濟復甦/貨幣政策调节,中國央行降低7天期逆回購操作利率至1%，並調降存款準備金率，以支持經濟復甦。这項調整旨在加大貨幣政策逆周期調節力度，助力經濟穩定成長。,0.9885432720184326
239,DavidTepper增持對中國資產投資。,投資者行為/政府措施/資產投資/中國市場/投資決策,投資者DavidTepper在中國政府宣布大規模刺激措施後增加對中國相關資產的投資。他將這一舉動歸因於中國政府的轉變。,0.9970199465751648
237,中國8月工業企業利潤下滑，同比降17.8%。,競爭/製造業/利潤下降/工業企業/增長,彭博報導指出，中國大陸工業企業8月利潤大幅下降，受製造業疲軟拖累。國家統計局表示，8月工業企業利潤同比下降17.8%，為去年4月以來最大降幅。全國工業企業總利潤465兆元人民幣，同比增長0.5%，較7月的增長41%有所下滑。,0.9845598936080933
240,全球央行降息推動比特幣上漲，本月漲超10％。,競爭/收購/市場表現/利率/季節性,彭博報導，全球央行降息潮帶動比特幣走高，本月漲幅超過10％，表現優於過去9月份平均下跌5.9％的紀錄。这有助于比特幣克服季節性低迷。,0.9933570027351379
241,以色列拒绝停火提议，内塔尼亚胡证实对真主党发动空袭。,競爭/停戰/反對/空袭/发表,美國及盟友提出為期三周停火提議，旨在讓以色列和真主黨停戰。然而以色列反對並表示將繼續打擊真主黨。内塔尼亚胡抵纽约并发表照片证实对真主党指挥官发动了空袭。,0.9990569949150085
243,奇瑞汽車延遲在歐盟生產電動汽車，目標調整至2025年。,合作/收購/競爭/貿易/生產,奇瑞汽車因歐盟對自華進口電動汽車實施臨時關稅，推遲在歐盟生產電動汽車的目標一年。知情人士透露，奇瑞現在的目標是從2025年10月起在西班牙生產旗艦車型Omoda5。奇瑞正在評估關稅將如何影響其進口半成品汽車進行總裝的計畫。,0.9570183157920837
244,歐洲央行：8月歐元區消費者通膨預期降至2.7%，或導致下月降息。,貨幣政策/通膨預期/降息/物價預期/調查,歐洲央行指出歐元區8月消費者通膨預期走低，增添了下月再次降息的理由。根據歐洲央行的月度調查，未來12個月物價預期降到了2.7%，為三年來最低水準。,0.9750872254371643
242,根據彭博報導，市場情緒緩和，營所稅預繳影響，銀行調整後釋出較多資金。,合作/競爭/利率保持穩定/營所稅預繳/存款準備金率調整,根據彭博報導，周五市場緊張情緒有所緩和，利率保持穩定。雖然營所稅預繳等因素影響仍在，但銀行回補調整後能釋出較多短期資金。外商銀行部分缺錢情況改善，能提供少量隔夜資金。下周關注存款準備金率調整對市場的影響。,0.9987069368362427
246,東京9月消費者通膨回落，不包括生鮮食品的價格漲幅為5月以來最小的20。,競爭/通膨/價格漲幅/能源補貼/夏季高溫,東京9月消費者通膨回落，不包括生鮮食品的價格漲幅為5月以來最小的20。即將卸任的首相岸田文雄曾恢復能源補貼，以應對夏季高溫。,0.5037243366241455
247,MarathonCEOBruceRichardsoptimisticaboutcreditmarketsasFedcutsrates;buysvariouscreditproducts;highlightsstrongUSeconomicindicatorswith3%Q2GDPgrowth.,競爭/投資/經濟成長/信用市場/降息,Marathon資產管理執行長BruceRichards表示，隨著聯準會開始降息，信用市場具吸引力。他買入各種信用產品，指出美國經濟跡象強勁，第2季經濟成長率為3%。,0.9767745137214661
245,中國國債殖利率下降，日本國債殖利率上升，中日國債殖利率差縮小至10基點。,合作/競爭/持股/政策/利率,中國大陸30年期國債的殖利率在下降，與此同時，日本國債的殖利率則在上升。這引發了投資者對於中國經濟是否面臨日本化的討論。近期，隨著中國央行的持續寬鬆政策和日本逐漸實現貨幣政策正常化，中日30年期國債殖利率之差已從年初的近120個基點縮小至目前僅剩10多個基點。這一時刻具有象徵意義。,0.8985838294029236
248,字節跳動公司將簽署108億美元貸款，創亞洲最大企業美元貸款。,合作/融資/銀行/貸款/企業,字節跳動公司將簽署一筆108億美元的貸款，成為亞洲除日本外最大的企業美元貸款。約20家銀行將提供融資，其中包括外資和中資銀行。該消息來自知情人士，字節跳動公司尚未置評。,0.9656445384025574
249,高盛與美國銀行銀行家轉戰新興市場，證明私人信貸市場競爭激烈。,合作/競爭/人才外流/金融會議/新興市場,彭博報導高級銀行家在金融會議上稱私人信貸不會威脅華爾街，卻在短時間轉戰新興市場。高盛LukeGillam和美國銀行MuradKhaled將加入新公司。銀行業面臨私人信貸市場競爭，人才外流加劇證明其主導地位受到挑戰。,0.9917454123497009
252,由於政策利好，中國股市上證指數飆升，但交易系統故障導致橫盤，深圳創業板指數續創新高。,競爭/政策/上證指數/中國股市/上證交易系統,中國股市因政策利好受追捧，上證指數飆升，但上證交易系統故障，使指數橫盤，深圳創業板指數則續創新高。,0.9948269724845886
250,法國通膨率首次低於2%，導致歐洲央行降息加速。Insee統計機構指出，法國9月CPI同比成長1.5%，低於預估值。,降息加速/通膨率/消費者價格/能源價格下跌/統計機構Insee,法國通膨率首次低於2%，為歐洲央行降息加速。統計機構Insee指出，法國9月份消費者價格CPI同比成長1.5%，低於預估值1.9%。主因為能源價格下跌。,0.9439190626144409
253,ArmHoldingsPlc無意收購英特爾製造業務部門。,競爭/收購/合作/持股/交易,ArmHoldingsPlc無意收購英特爾製造業務部門，已被告知不出售。消息來自知情人士透露，Arm高層未表達對該業務感興趣。英特爾擁有兩大業務部門，一是銷售晶片，一是經營自家工廠。,0.9965687990188599
251,全球銅價上漲，LME銅價創5月以來最大單周漲幅,競爭/經濟刺激措施/銅價漲幅/房地產市場/銅需求,中國推出一揉堆經濟刺激措施，加上美國數據良好，帶動全球銅價創5月以來最大單周漲幅。LME銅價本周上漲6%，突破每噸10000美元。中國欲振興房地產市場，提振銅需求，為銅價展望增添正面影響。,0.9982140064239502
255,美國貨幣市場基金吸引大量資金，規模達642兆美元，投資者投入1210億美元。,競爭/市場規模/資金流入/降息政策/投資者情緒,美國貨幣市場基金吸引大量資金，規模達642兆美元，創新高。投資者投入1210億美元，尽管聯準会已启动降息周期。,0.9829590320587158
254,MarkSpitznagelwarnsinvestorsofeconomicrisksdespiterecordhighstockmarket.InterestratecutsbytheFedmaynotavertpotentialmarketcollapse.,競爭/風險/股市崩潰/經濟風險/聯準會降息,彭博UniversaInvestments創始人MarkSpitznagel警告投資者，雖股市創新高，但經濟風險仍存在。他指出，即使聯準會降息，經濟不穩仍可能引發市場崩潰。,0.9990444779396057
256,新世界發展停牌，行政總裁將撤換，首次虧損。,停牌/撤換行政總裁/虧損/首席營運總監/接替,香港房地產開發商新世界發展周四宣佈停牌，據悉將撤換行政總裁鄭志剛。公司將發布相關消息。新世界百貨中國也停牌。此前公司20年來首次出現虧損。知情人士透露首席營運總監馬紹祥可能接替鄭志剛。,0.9860584139823914
258,波音与工会恢复薪资谈判，避免停工。,合作/薪資談判/工會/罷工/停工,波音與工會將恢復薪資談判，避免罷工造成停工。工會代表波音33000名工人已準備好提出重要議題。,0.8661251068115234
262,經濟學家警告：美中關係緊張改變全球貿易，生產轉移到越南、墨西哥。,競爭/全球貿易/開發中國家/生產轉移/風險,美國經濟學家約瑟夫史提格里茲警告美中關係緊張正在改變全球貿易，對開發中國家造成機遇和風險。他指出，部分生產已從中國轉移到越南、墨西哥。,0.4733939468860626
261,紐約市市長EricAdams因貪腐指控被起訴。,競選團隊/起訴/貪腐調查/紐約南區檢察官辦公室/聯邦調查局,紐約市市長EricAdams因受到貪腐調查而被起訴，具體指控尚不清楚。他的代表和競選團隊沒有立即回應此事，律師也未回應評論請求。美國紐約南區檢察官辦公室和聯邦調查局拒絕對此發表評論。,0.9902055859565735
259,英仕曼集團：中國股市望續漲，政策支持關鍵，但或短暫現象。,競爭/政策支持/短暫現象/刺激措施/通縮,彭博消息指出，英仕曼集團預期持續政策支持下，中國股市將續漲。懷疑論者提醒可能只是短暫現象。該公司董事總經理Wilcox表示，北京宣布的刺激措施對股市至關重要，這是扭轉通縮的起點。,0.9973019361495972
263,瑞士央行連續第三次降息25基點，應對法郎強勢。,降息/央行/利率/瑞士法郎/物價穩定,瑞士央行連續第三次降息，每次降息25個基點，以抑制瑞士法郎強勢。央行表示未來可能進一步降息以確保物價穩定。,0.9469070434570312
264,德國GDP預測小幅萎縮，經濟前景嚴峻。,收購/競爭/合作/持股/減持,根據彭博預測，德國GDP將小幅萎縮，一系列負面報告顯示德國經濟前景嚴峻。德國領先的經濟研究機構預測2024年德國經濟將萎縮0.1％，與之前的預測相反。,0.9473733305931091
260,Candriam基金經理擔心英鎊漲勢，Niven看空英鎊兌歐元。,競爭/外匯市場/利率預期/交易/跌勢,Candriam基金經理認為英鎊漲勢脆弱，可能下跌，市場預期英國進一步降息。Niven準備做空英鎊兌歐元，指出英國和歐元區利率預期差距過大，倉位擁擠可能助長跌勢。,0.9833661913871765
266,聯準會主席鮑爾提議加大降息幅度以因應疲軟就業數據和風險。,競爭/利率調整/經濟數據/金融政策/風險管理,聯準會官員對於降息速度有分歧，主席鮑爾認為應比平常更大以因應疲軟就業數據，降息幅度應加大以防風險。,0.9873950481414795
265,美國債券殖利率上升，影響10年期殖利率；台灣5年期IRS也上升，TAIBOR上漲12基點。,收購/競爭/利率/IRS/TAIBOR,美國債券殖利率隔夜上升，影響了10年期殖利率。台灣5年期IRS也跟著上升。與IRS相關的TAIBOR連續五天上漲12個基點，創下自2008年以來的新高。,0.9808105826377869
268,五角大樓讚賞中國透明度改善，要求更頻繁通報飛彈發射。,合作/軍事溝通改善/彈道飛彈通報/太空發射情況/透明度,美國五角大樓稱讚中國向太平洋試射洲際彈道飛彈前的透明度，顯示兩國軍事溝通改善。五角大樓表示已收到通知，確保沒有誤解或誤判。美國要求中國更經常通報彈道飛彈和太空發射情況。,0.6669445633888245
269,習近平高層會議強調確保財政支出，中央政治局穩定房地產市場，凸顯北京對經濟減速的憂慮。,合作/財政支出/經濟問題/發展目標/房地產市場,中國主席習近平主持高層會議，討論經濟問題，強調需確保財政支出。中央政治局表示，必須完成全年發展目標，並穩定房地產市場。此舉凸顯北京對經濟減速的憂慮與動作。,0.6540080308914185
276,日本執政黨選新黨首，可能影響貨幣政策。,合作/競爭/外交政策/貨幣政策/政治壓力,日本執政黨將選出新黨首，可能成為下一任首相。交易員正在準備日圓和出口商銀行股受到的影響。新領導人的外交政策對美國和中國大陸也受到關注。選舉結果對貨幣政策的影響將是重要關注點。岸田文雄的卸任被視為讓央行繼續收緊政策的好消息。儘管日本央行獨立於政府，仍可能面臨政治壓力。,0.6137211918830872
282,美法提議以色列黎巴嫩停火，促和解。,合作/和平談判/臨時停火/中東/外交解決方案,美法提議以色列與黎巴嫩真主黨三周臨時停火，為和平談判鋪路，避免中東全面戰爭。法國外長巴霍將在貝魯特公佈詳情，呼籲雙方盡快接受以保護平民和推進外交解決方案。,0.9922232031822205
280,OpenAI首席技術長MiraMurati宣布離職，專注個人探索。,競爭/人事變動/技術/個人探索/平穩過渡,彭博OpenAI首席技術長MiraMurati宣布將離開公司，專注個人探索。這是人工智能初創公司又一起高層人事變動。Murati周三在社交媒體上發文，表示將努力確保平穩過渡。,0.8255685567855835
275,調查：68%華裔美國人面臨種族歧視。,競爭/調查/華裔美國人/種族偏見/歧視,一項調查顯示，全球兩大經濟體的競爭加劇，導致大多數華裔美國人面臨種族偏見。紐約Committeeof100和芝加哥大學的NORC調查發現，68%的華裔美國人每月至少面臨一種形式的歧視，其中85%因種族、族裔、口音或姓名遭受偏見。,0.6636803150177002
281,法國、美國呼籲以黎真主黨停火21天，避免全面戰爭。,合作/停火/談判/國際外交/衝突,法國和美國計劃提議以色列和黎巴嫩真主黨停火21天，為談判創造空間，避免全面戰爭。這一提議是在聯合國安理會會議上宣布的，各國外交官聚集討論不斷升級的衝突。,0.9700912237167358
278,美光科技股價飆升，盈利預測強勁，第一季營收預估87億美元。,收購/合作/競爭/利潤預測/營收預測,美光科技股價大漲，盈利預測強勁。公司預估第一季營收和利潤均超出分析師預期，營收約為87億美元，扣除特定項目後的每股利潤約為174美元。这得益於對人工智能設備的需求。,0.9813446998596191
283,美國國會通過短期聯邦撥款法案，避免政府關門。,競選活動/聯邦撥款法案/政府關門/議員/華盛頓,美國國會通過短期聯邦撥款法案，避免政府關門。部分議員將離開華盛頓進行最後競選活動。,0.6323373913764954
285,歐洲央行：KlaasKnot預計降息。,競爭/降息/利率/未來/疫情,歐洲央行管委KlaasKnot表示將在未來降息，預計利率不會回到疫情前水平。,0.9743353128433228
286,高盛集團預測美股將在大選後上揚。,競爭/美國總統大選/股市/預測/持續上揚,彭博報導，高盛集團的DavidKostin表示，美國股市將在美國總統大選結束後持續上揚。,0.9007207751274109
287,香港計劃調降高稅以重整夜生活，或在10月公布調整。,政策調整/烈酒稅/夜生活/稅收/施政報告,香港計劃下調烈酒稅，重整夜生活優勢。酒精濃度超過30%的酒類征收高稅，全球最高。特首李家超或在10月施政報告公布調整。,0.9507858753204346
291,彭博分析揭示印度股市推薦股僅61支，LICHousingFinanceLtd、SunTVNetworkLtd和DrLalPathLabsLtd下調評級。,分析師推薦股票/股市/下調評級/印度股市/十年最低,彭博分析發現印度股市分析師推薦股票難增至僅61支為十年來最低，其中LICHousingFinanceLtd、SunTVNetworkLtd和DrLalPathLabsLtd多次被下調評級。,0.9409814476966858
296,消費者信心低於預期，推動美債多頭行情。,競爭/交易/利率/標售/消費者信心,美國消費者信心數據低於預期，支撐降息預期與美債多頭行情。10年期美債殖利率周三在374左右。台灣10年期新券A13110殖利率上日開高後，周三回落至1.5以下，即將於10月中旬標售。,0.9414017796516418
290,中國大陸推介首支歐元計價債券，3年期價格指引加約45個基點，7年期加約65個基點。,發行/計價債券/財政部/期/利率/投資者,中國大陸推介首支歐元計價債券，財政部將分兩期發行，3年期價格指引為交換利率中價MS基礎上加約45個基點，7年期為MS基礎上加約65個基點。此舉引起全球投資者關注。,0.5793840289115906
293,中東投資者ADIA和穆巴達拉投資公司投資中國大連萬達，金額達83億美元。,投資/合作/持股,中東投資者ADIA與穆巴達拉投資公司投資中國大連萬達83億美元，持有購物中心管理部門股份。聯想集團將向沙烏地主權財富基金發行20億美元零息可換股債券。,0.9405850768089294
295,華泰柏瑞滬深300ETF市值首次突破3000億元，成為滬深交易所上市的ETF市值榜首。,收購/合作/競爭/持股/資金流入,中國國家隊青睞的ETF基金華泰柏瑞滬深300ETF市值首次突破3000億元人民幣，繼續成為滬深交易所上市的交易型開放式指數基金ETF市值的榜首。最新政策鼓勵資金流入風險資產，加上國家隊資金托底市場，推動市值攀升。,0.9984978437423706
294,富裕投資者仍投入私人信貸市場追求高收益，香港家族辦公室增加另類投資。,競爭/私人信貸市場/另類資產投資/全球潮流,彭博報導，香港和中國大陸的股市和樓市下跌，富裕投資者仍進入17兆美元私人信貸市場，追求高收益。香港大型家族辦公室如NanFungTrinity也在增加另類資產投資，跟隨全球潮流。,0.64860999584198
297,中國大陸葉國富以889億美元收購永輝超市，葉國富財富暴跌593億美元。,收購/股票大跌/財富暴跌,中國大陸億萬富豪葉國富以889億美元收購永輝超市多數股權，導致永輝股票大跌。葉國富的財富也因此暴跌593億美元。,0.9941319823265076
300,中國央行宣布降息與寬鬆政策刺激經濟。,降息/提供現金/刺激購房/股市平準基金/經濟景氣,中國央行行長潘功勝宣布一系列寬鬆政策，包括降息、提供更多現金給銀行和刺激購房，還有研究股市平准基金。這是近幾十年來最具魄力的政策行動之一，顯示大陸對經濟景氣的擔憂。,0.9676370620727539
299,美國司法部調查SAP等公司是否過去十年向政府機構收取高費用，懷疑SAP與經銷商非法合謀操縱產品銷售價格。,合作/競爭/收購/調查/涉及,美國調查SAPSE等公司是否在過去十年向政府機構收取過高費用。司法部懷疑SAP與經銷商非法合謀操縱產品銷售價格。調查始於2022年，涉及向美軍和其他地區銷售。,0.8937594294548035
298,貝恩公司報告：2027年全球人工智能市場將達9900億美元，年增長率40至55％。,重要類別：市場預測/人工智能應用/企業/經濟/市場成長,根據貝恩公司的報告，全球人工智能市場預計在2027年達到9900億美元。該報告還強調人工智能技術的快速應用正在改變企業和經濟。這包括AI相關服務和硬體在內的市場每年成長40至55％。,0.9907504916191101
304,德銀財長暫不參與交易，裕信銀行考慮收購德商銀。,合作/收購/持股/交易/準備工作,彭博報導，德意志銀行財務長暫時排除參與德國商業銀行交易可能性，表示還需更多準備工作。義大利裕信銀行最近增持德國商業銀行股份，全面收購也在考慮之中。,0.9821770191192627
303,中國場外加密貨幣經紀商吸引到超過754億美元資金流入，創下2021年迄今為止的最長紀錄。,投資/市場表現/股票/替代投資/資金流入,據彭博報導，中國大陸的場外加密貨幣經紀商近期吸引到超過754億美元的資金流入，顯示投資者在股票和房地產市場疲軟下，對替代投資品的渴望。這刷新了2021年以來最長持續紀錄，使市場表現前所未有。,0.5089837908744812
306,REAGroupLtd提高收購提議至每股770便士，但被RightmovePlc拒絕，估值61億英鎊。,收購/估值/提議/報價/協議,彭博RightmovePlc拒絕了REAGroupLtd第三次收購提議，估值為61億英鎊。REA屬於默多克旗下，提高報價至每股770便士，與之前相比高出近3%，仍未達成協議。,0.9813585877418518
308,南韓養老基金或於2041年達峰值，預估於2056年耗盡。,合作/改革措施/養老基金/南韓政府/衛生福利部,南韓政府擬緊急改革措施，避免國家養老基金於2056年資金耗盡。預估在2041年達峰值後，基金將耗盡。南韓衛生福利部透露，否則速度將加快。,0.515777051448822
307,蔚來汽車創始人李斌呼籲合作，批評歐美對中國電動車徵稅，強調新能源車是氣候關鍵。,合作/競爭/政策/氣候變化/可持續發展,彭博報導，蔚來汽車創始人李斌批評歐美對中國電動車徵稅無道理，呼籲合作。李斌強調新能源車是氣候變化關鍵，反對任何阻礙可持續發展的措施。【字數：41】.,0.8598844408988953
302,法國央行總裁表示，法國赤字和債務問題需要解決，債券市場風險升高，法德債券利差擴大到0.8%。,合作/競爭/債務問題/債券市場風險,法國央行總裁表示，法國需解決赤字和債務問題，債券市場風險升高。國際銀行亦發出警訊，要求採取行動。Villeroy指出，法德債券利差從0.5%擴大到0.8%，呼籲面對此病態情況。,0.9378526210784912
309,中國刺激全球風險資產上揚，泰國央行抑制泰銖升值，泰股市吸引資金。,競爭/匯率/全球風險資產/刺激措施/央行積極阻止,彭博報導指出，中國大陸刺激措施帶動全球風險資產上揚，泰國央行積極阻止泰銖升值。泰銖兌美元上揚至30個月來最高，股債市場吸引大量資金。,0.9704938530921936
310,IMF表示美國經濟軟著陸，聯準會維持高利率正確。,競爭/經濟成長/降息/聯準會/利率,國際貨幣基金組織IMF總裁表示，美國經濟有望實現軟著陸，全球最大經濟體在支撐全球經濟成長扮演重要角色。彭博電視報導，IMF認為聯準會在降息之前維持高利率是正確的。,0.9568818211555481
312,金價創歷史新高，突破每盎司2670美元，銀價接近四個月高位，受美國疲軟數據影響。,收購/競爭/價格/貴金屬/美國經濟,金價再創歷史新高，一度突破每盎司2670美元，緊接著銀價接近四個月高位。美國疲軟數據增強了降息理由。,0.9985026121139526
313,以色列空襲黎巴嫩真主黨，造成492死，1600傷。,競爭/衝突/支持/官員/死亡,以色列空襲黎巴嫩真主黨，成2006年以來最致命。黎巴嫩官員透露，此次空襲造成492人死亡，包括35名兒童，1600人受傷。真主黨在貝卡地區與以色列發生衝突，而伊朗支持該團體。,0.9973983764648438
311,巴菲特旗下波克夏近期急減持美國銀行股，持股比例降至10％以下。,減持/持股/交易/美國銀行/波克夏,巴菲特旗下波克夏進一步減持美國銀行股份，以降低持股比例接近監管門檻。波克夏已在三個交易日內賣出約863億美元股份，目前持股比例降至10％以下。據監管備案文件顯示，波克夏目前持有美國第二大銀行105的股份。,0.9978078007698059
316,以色列對黎巴嫩空襲，近500死，1650傷。,收購/競爭/合作/持股/交易,彭博報導以色列對黎巴嫩南部空襲，近500人死亡引發全面戰爭擔憂。黎巴嫩衛生部稱約1650人受傷，100名婦女和兒童死亡。,0.5885264873504639
315,日本央行密切關注自民黨領導人選舉對貨幣政策的潛在影響。,合作/競爭/政策正常化/貨幣政策前景/獨立於政府,彭博報導，日本央行觀察人士正在密切關注日本執政黨自民黨的領導人選舉，對貨幣政策前景的潛在影響。他們特別關注一位候選人，他強烈主張保持寬鬆立場。雖然日本央行獨立於政府已超過25年，但長期以來一直受到政治壓力。日本央行目前正在尋求所謂的政策正常化，以反映通脹的持續。,0.6297974586486816
319,台灣第四季發行四檔公債，10年期A13110殖利率上升至151以上。,交易/央行政策/公債發行/殖利率/做空条件,台灣將在第四季發行四檔公債，其中10年期新券A13110和其增額券A13110R在周二展開發行前交易，殖利率走升至151上方。國票證券表示，台灣央行升準貨幣政策偏緊縮，再加上美債殖利率走高，使得台債交易商有做空條件。,0.761651337146759
321,英國央行行長貝利表示，除非有大型的經濟危機，否則不會再將利率降至超低水平。英國央行決定維持利率不變。,合作/利率/經濟危機/貝利/衝擊,英國央行行長貝利表示，除非出現像金融危機和新冠疫情這樣規模的經濟危機，否則不太可能再將利率降至超低水平。他表示，需要非常大的衝擊才會促使央行重新將利率降至接近零的水平。英國央行上周決定將利率維持在不變。,0.9827022552490234
318,裕信銀行增持德國商業銀行至115%，或導致收購。,持股/競爭/收購,裕信銀行執行長AndreaOrcel增持德國商業銀行股份至115%，引發關注。此舉可能導致與德國政府的關係緊張，裕信超越政府成為最大股東。這可能導致德國商業銀行被收購。,0.9912289381027222
320,OpenAI社交媒體遭入侵，發布加密貨幣詐騙帖。,競爭/合作/安全/社交媒體/加密貨幣,據彭博報導，OpenAI在社交媒體上的新聞帳號遭未經授權的入侵，發布含欺詐內容的帖子引導點擊加密貨幣網站。OpenAI已察覺並展開調查，並刪除帖子。這不是OpenAI首次遭遇加密貨幣欺詐。,0.8091247081756592
322,中國降低房貸成本，二套房首付降至15%，應對經濟放緩。,合作/競爭/政策措施/經濟放緩/全球不穩定,中國大陸宣布紓困房地產市場，降低53兆美元抵押貸款成本，二套房貸款首付降至15%。中國人民銀行將引導存量房貸利率下降。此舉旨在應對經濟放緩，因中國面臨保護主義和全球不穩定。,0.4993859827518463
323,瑞銀：看好亞太市場，特別是中國，將繼續投資。,合作/投資/市場/成長/亞太地區,瑞銀集團執行長SergioErmotti表示，該行仍將把亞太地區，特別是中國市場，視為成長的關鍵動力。他指出，美國和亞洲仍然是瑞銀的兩個重要成長引擎，儘管亞洲的成長可能不像以前那麼線性，但財富創造和人口趨勢仍在支持業務。該行表示對亞太地區的投資將為他們帶來良好前景。,0.9497877359390259
325,植田和男強調日本央行將根據數據作出升息決定，不調整政策。,競爭/政策調整/金融市場/海外經濟/央行,植田和男強調日本央行會依數據作出升息決定，下月不太可能調整政策。他指出，央行需留意國內外金融市場及海外經濟情勢等因素。,0.9233284592628479
324,川普表示對澤倫斯基求援感到遺憾，宣布將改變對烏政策。,合作/競爭,美國總統候選人川普在演講中對烏克蘭總統澤倫斯基的求援感到遺憾，稱對烏政策將改變。川普表示，澤倫斯基是「最偉大的推銷員」，每次訪美都能帶走600億美元。此言在聯合國大會前夕演講中發表。,0.9904612898826599
327,中國大陸央行降準降息，國債殖利率跌至2%。,政策調整/利率下降/國債殖利率/央行宣布/政策寬鬆,中國大陸央行宣布將降準降息，推動政策寬鬆加碼。影響下，10年期國債殖利率一度跌至2%，為自2002年以來的新低。,0.9949619770050049
330,法國政治和財政情勢惹人存疑，法國和德國基準國債殖利率差達08個百分點，創今年最高。,競爭/合作/持股/收購/交易,彭博報導，法國和德國基準國債殖利率差達08個百分點，創今年最高，顯示投資者對法國政治和財政情勢存疑。這反映出法國風險上升。,0.9333845376968384
326,新加坡總理黃循財警告全球經濟活動面臨安全挑戰，中美競爭加劇。,競爭/安全/全球經濟活動/人工智能/半導體,新加坡總理黃循財警告全球經濟活動面臨安全挑戰，中美競爭加劇。人工智能、半導體受限制，安全顧慮擴散至其他領域。,0.6071141362190247
328,中國刺激經濟後，歐洲股市上漲，礦業、奢侈品、科技和汽車股受惠。德商銀股價反彈，遭德政府反對收購。,收購/合作/競爭/持股/減持,中國大陸推出刺激經濟措施後，歐洲股市也隨之上漲，主要受惠於礦業、奢侈品、科技和汽車股。鐵礦石價格大漲，拉抬了礦業股。德國商業銀行股價反彈。德國財政部官員表示政府反對該行被收購。,0.9945926070213318
329,法國國債利率升至金融危機以來最高，股票下跌。,競爭/投資/經濟振興/股票市場/國債利率,法國資產受投資者冷落，因市場對新政府振興經濟信心不足，法國國債利率升至金融危機以來最高，法國股票成歐洲唯一預計全年下跌市場。,0.9881843328475952
331,法國農信銀行計劃收購廣汽集團金融租賃子公司約50%股權。,收購/合作/持股/競爭/投資,法國農業信貸銀行旗下子公司計畫收購廣汽集團金融租賃子公司約50的股權，以進軍中國電動汽車市場。法國農信銀行正深入談判投資廣汽集團，欲擴大在中國的金融租賃業務。,0.9841853976249695
334,MillenniumManagement重新聘回PhillipRamage擔任高級投資經理，將設立大宗商品中心研究團隊。,合作/競爭/重新聘回/投資組合經理/大宗商品業務,彭博報導，MillenniumManagement重新聘回能源交易員PhillipRamage擔任高級投資組合經理，並將設立大宗商品業務的中心研究團隊。,0.8658705949783325
332,中國大陸新規允許證券公司從央行取得資金，增加持股能力。,合作/持股/資金來源/證券公司/流動性增長,中國大陸設計新規定，允許證券公司從央行取得資金，增加持股能力，促進經濟發展。人民銀行行長潘功勝表示，此舉旨在支持證券公司透過大幅增長流動性，提升資金來源和持股能力。,0.9602628946304321
335,中國股市上漲，恒生國企指數達7個月高，央行研究討論平准基金。,競爭/政策支持/股市上漲/國企指數/央行平准基金,彭博報導，香港和中國大陸股市在中國央行推出一系列支持政策後，股市迎來上漲。恒生國企指數升幅最大，一度達到7個月最高收盤。央行行長潘功勝稱正在研究股市平准基金。,0.7544640302658081
333,殖利率曲線倒掛現象快速消退，對經濟和40兆美元政府債券產生影響。,經濟/政府債券投資/殖利率曲線/倒掛現象/長短期殖利率,彭博報導指出，近年來的殖利率曲線倒掛現象正在快速消退，這將對經濟和40兆美元的政府債券投資產生廣泛影響。長達兩年的短期殖利率超過長期殖利率的異象在全球許多地方正在恢復正常。,0.9798690676689148
339,川普指責中國未履行500億美元農產品協議。,競爭/合作/貿易/農業/美中关系,美國前總統川普批評中國未履行購買500億美元農產品協議，誓言將向習近平提及此事。川普在活動中表示重視中美農業及糧食供應問題。,0.630214512348175
340,波音調薪因應西雅圖罷工威脅。,合作/員工薪資調整/罷工威脅解決,波音提高西雅圖員工合同報價，應對罷工威脅。方案包括薪資成長和獎金提升，希望解決持續一週的危機。,0.8766655921936035
337,中國宣布促進經濟措施，提高鐵礦石需求，導致新加坡期貨價格上漲4%。,合作/需求/價格上漲/貨幣政策調整/利率調整,中國大陸宣布促進經濟措施，推升鐵礦石需求。新加坡期貨價格4%上漲。中國央行計畫下調存款準備金率、7天期逆回購操作利率和存量房貸利率。,0.9625937342643738
342,中國央行降低存款準備金率和逆回購操作利率，支持經濟復甦，存款準備金率下降0.05%，逆回購操作利率下調0.2個基點。,降低存款準備金率/降低逆回購操作利率/支持經濟復甦/央行行長發布會/經濟政策調整,中國人民銀行表示將降低存款準備金率和逆回購操作利率，以支持經濟復甦。根據央行行長潘功勝的發布會上的表述，存款準備金率將降低0.05個百分點，並在年底前再根據情況降低0.25-0.5個百分點，逆回購操作利率將下調到1.5%，比目前的1.7%下調0.2個基點。,0.9971785545349121
347,拜登主持四方安全對話對中國施壓，與印度、日本、澳洲合作。,合作/施壓/主持/經濟體/行動,美國總統拜登加緊對中國大陸施壓，與印度、日本、澳洲合作，周末主持四方安全對話。这是他在任期末期針對全球第二大經濟體的行動，表現無遺。,0.6438987851142883
343,中國基金市場轉型，ETF崛起，主動基金規模下滑。,競爭/轉型/基金/股票/ETF,中國大陸明星基金經理在連續三年下跌的股市中失去光環，被動型基金如ETF受到投資者歡迎。晨星Direct數據顯示，中國大陸主動股票基金總規模下滑，而被動股票基金總規模成長，占所有股票基金近一半比重。這標誌著公募基金行業正朝著轉型方向邁進。,0.9844090342521667
345,G20共識推動改革聯合國世貿組織，多邊貸款機構增現代化。,合作/改革/聯合國世貿組織/多邊貸款機構/全球治理,G20同意推動改革聯合國世貿組織及多邊貸款機構，首次達成共識，將在巴西舉行的外長會議上正式呼籲改革，以促進全球治理機構現代化。,0.6178616285324097
344,法國馬克宏新政府崩潰風險增加，財政情勢不樂觀。,合作/不信任投票/內閣混合派別/極右翼協力/公共財政,法國總統馬克宏的新政府引發各政治派反彈，加劇政府崩潰風險。新內閣組成混合派別，令合作不順，可能面臨不信任投票。左派新人民陣線在排除於內閣後，或將與極右翼協力推翻政府。新政府局勢岌岌可危，公共財政前景難以樂觀。,0.7532703876495361
349,摩根士丹利建議調整投資重心至境外上市股票。,投資建議/資金調整/匯率風險/境外市場/人民幣貶值,摩根士丹利建議投資者應該停止側重內地上市的中國大陸股票，而是應將投資重心轉向境外上市的股票。摩根士丹利指出，國家隊減少對人民幣的購買，將降低人民幣貶值的可能性，從而減弱A股的吸引力。摩根士丹利認為，這兩個支撐A股的因素在過去幾個月發生了重大變化，投資者應該調整其投資策,0.9890030026435852
348,彭博報告：中國應實施房市援助計畫，或將面臨五年危機。,競爭/政策/房市/經濟成長/援助計畫,彭博報導指出，大多數經濟學家認為中國應針對房市危機實施援助計畫，以促進經濟成長。分析師認為政府主導的計畫是最佳選項，但需面對可能持續五年的房市危機。,0.9628679752349854
353,川普拒絕CNN再辯論，質疑公平性。,合作/競爭/辯論/公平性/投票,彭博接受CNN邀請再與川普辯論，但川普嫌時機太晚拒絕。川普在活動上稱早期投票已開始，質疑CNN公平性，表示已有兩次辯論並投票。,0.9384084939956665
350,美聯儲官員分歧，致債券殖利率上升，Taibor反映央行或實施緊政策。,競爭/利率/交易/供需/政策,彭博報導，美國聯準會官員對通膨數據意見不同。美國債券殖利率上漲，台灣Taibor互換利率反映央行可能實施緊政策。5年期IRS報172.5點上升3點，3年期IRS上升0.5點。金鼎證券交易員指出，需求推動公債價格，預測長券需求持續且或擴展至短期債券。,0.9967920184135437
352,彭博報導：賀錦麗籌得3.61億美元，領先川普13億美元。,合作/競爭/收購/持股/交易,彭博報導，美國副總統候選人賀錦麗在大選最花錢的時期籌得了3.61億美元，走在川普前頭，後者則花費了13億元進行廣告攻勢。金主們推動了賀錦麗的籌款激增，讓她在資金上領先對手。,0.9198672771453857
356,歐洲央行可能降低利率，因服務業通膨風險大於經濟。,貨幣政策/經濟發展/通脹風險/利率調整/服務業成長,歐洲央行管理委員會成員Kazaks表示，目前服務業通膨風險大於經濟擔憂，利率可能下行，速度將視經濟發展而定。,0.9234648942947388
357,彭博報導，金價再創新高，每盎司2625.89美元，或影響未來利率路徑。,合作/競爭/利率路徑/金價路徑/現貨黃金,彭博報導指出，金價周一在亞洲時段再創新高，每盎司2625.89美元，可能影響未來利率路徑。現貨黃金一度上漲0.2%，超過上周五的歷史高點。,0.9983484745025635
358,中國鋼鐵業面臨破產危機，需加速整合,競爭/合作/收購/破產/整合,彭博行業研究指出，中國鋼鐵業面臨破產危機，需加速整合。該行研究指出，近四分之三的鋼鐵企業上半年虧損，可能出現大規模倒閉浪潮。,0.9864107966423035
361,香港部分銀行降低借貸成本後，周末住房成交量降至兩個月來最低水平。,降低借貸成本/住房成交量/中原地產數據/成交量下降/周末成交,彭博報導，香港部分銀行降低借貸成本後，周末住房成交量降至兩個月來最低水平。根據中原地產數據，周末十大屋苑錄得7筆成交，較前一周下降53%，為近八周最低。,0.8684656620025635
354,中國央行下調短期利率，擬加強經濟增長。,合作/競爭/降息/新聞發布會/經濟增長力度加大,中國宣布央行下調短期政策利率，並將舉行新聞發布會介紹經濟情況，引發外界猜測政府將加大恢復經濟增長力度。央行總裁潘功勝將與兩名官員召開發布會，討論金融支持經濟高質量發展相關情況。,0.9502213001251221
360,韓國監管機構調查摩根士丹利涉SK海力士賣單。,合作/競爭/持股/減持/交易,韓國金融監管機構正在調查摩根士丹利在下調SK海力士評級前是否有進行賣單操作。這是韓國加強對跨國銀行和對沖基金審查的一個例子。韓國金融監督院（FSS）已要求摩根士丹利首爾提交相關文件以進行審查，以確定其在9月15日下調SK海力士評級的研究報告是否遵守監管規定。,0.9559891819953918
363,拜登領導峰會未直接討論中國，重點轉向與印度、日本、澳洲討論議題。,合作/競爭/國際局勢/戰略制衡/領導人交流,美國總統拜登在四方安全對話領導人峰會上表示中國正考驗美國及印太盟友，未直接討論制衡中國影響力。與印度、日本、澳洲領導人熱情交談後轉向討論中國議題。,0.9632484316825867
364,澳洲REAGroupLtd提高收購RightmovePlc報價至61億英鎊。,收購/提高報價/估值/澳洲公司/英國公司,澳洲公司REAGroupLtd提高收購英國RightmovePlc的報價至61億英鎊，估值為每股770便士。,0.9941660165786743
362,新加坡交易所考慮擴張至杜拜，因避險基金激增。,合作/拓展/金融市場/避險基金/海外市場,新加坡交易所考慮擴張至杜拜，因為杜拜的避險基金數量激增，吸引了大量客戶。新交所金融市場與數字平台部總監李民宏表示，這讓公司有了更充分的理由在當地開設新辦事處。,0.9981378316879272
365,Apollo向英特爾投資數十億美元，表達對該公司的信心(投資金額最多50億美元)。,投資/英特爾/金額/信心/知情人,ApolloGlobalManagement計劃向英特爾投資數十億美元，顯示對這家晶片巨頭的信心。知情人士透露，投資金額可能不超過50億美元。,0.9518826007843018
373,波音公司罷免防務和空間部門負責人，首次重大改組。,管理層改組/罷免負責人/高管離職/首席運營官臨時接任/公司重大改革,波音公司罷免防務和空間部門負責人，執行長KellyOrtberg首次重大改組。離職負責人TedColbert及暫繼首席運營官SteveParker。新執行長計劃全面改組管理層以挽救波音陷困境。,0.9740408062934875
368,高通與英特爾討論買賣，或許是史上最大併購案，匿名消息。,收購/合作/競爭/持股/交易,高通公司正與英特爾討論收購事宜，這可能是一項史上最大的併購案之一。高通提議對整個公司進行友好收購，但不排除收購或出售英特爾部分股份的可能性。這些消息來自知情人士，他們要求保持匿名。高通公司的總部位於加州。,0.9971554279327393
369,美國商務部計畫禁止中國和俄羅斯製造的車聯網硬體和軟件，解決智能汽車安全問題，涵蓋自動駕駛系統和車輛通信。,合作/競爭/政策/科技/安全,根據知情人士透露，美國商務部計畫禁止中國和俄羅斯製造的車聯網硬體和軟件，以解決智能汽車安全問題。禁令涵蓋自動駕駛系統和車輛通信，主要對象為軟件和部分硬體。該規定將於周一發布。,0.7006376385688782
374,歐洲央行預計持續寬鬆貨幣政策，觀望新數據，以達通膨目標。,合作/貨幣政策/央行/通膨目標/經濟風險,歐洲央行管委OlliRehn表示，貨幣政策將持續寬鬆，取決於新數據。央行已著手實現通膨目標，但經濟面臨風險。,0.9612612724304199
367,德國經濟衰退，投資人擔憂DAX指數。,收購/競爭/持股/經濟/投資,德國經濟上季萎縮，政府支持度降低；中國經濟不景氣。不過德國股市創歷史新高，投資人對經濟仍持樂觀。投資人擔憂德國經濟遲緩會持續，懷疑DAX指數能否突破13。,0.9728776216506958
376,蘋果推出未安裝人工智能軟體的新iPhone16系列，或將面臨銷售挑戰。,合作/競爭/產品推出,彭博報導，蘋果推出新iPhone16系列，但未安裝人工智能軟體，可能面臨銷售挑戰。,0.7200573682785034
375,英特爾股價飆升，可能受高通收購消息推動。,收購/股價飆升/晶片行業/高通公司/交易,彭博報導，英特爾股價飆升，因高通公司可能收購英特爾。交易有望創下晶片行業紀錄，討論最近進行。,0.982296884059906
378,中國可能解除對福島水產品的禁令,合作/限制解除/核污水事件檢測/國際機構參與,據報導，中國大陸有可能解除對日本水產品的禁令。該禁令是因為去年福島核污水排海事件而實施的。日本和國際原子能機構計畫擴大對海水放射性元素的檢測範圍，並允許其他國家參與其中。兩國在此問題上可能取得突破。,0.6528682708740234
370,艾斯曼因暗示慶祝巴勒斯坦平民死亡言論被批，刪除社交媒體帳戶。,合作/社交媒體刪除/言論回覆/錯誤貼文,投資組合經理艾斯曼因在社交媒體上暗示慶祝巴勒斯坦平民死亡的言論而刪除了社交媒體帳戶。一位用戶在社交媒體上對災難保持沉默，艾斯曼回覆稱這是在開玩笑，並退回言論。艾斯曼後來表示他本意是評論以色列對真主黨的行動，這則貼文是一個錯誤。,0.980255126953125
379,菲律賓央行下調綜合銀行和商業銀行存款準備金率至7%。,降息率變動/存款準備金率/央行/綜合銀行/商業銀行,菲律賓央行將於10月25日起，將綜合銀行和商業銀行的存款準備金率下調250個基點至7。,0.9666124582290649
381,梅賽德斯財務預測下調，中國業務惡化，銷售回報率預計75至85。,競爭/財務預測/中國業務/銷售回報率/德國工業,彭博報導，梅賽德斯賓士集團下調全年財務預測，因中國業務惡化。德國工業再度受打擊，梅賽德斯預計銷售回報率在75至85之間。,0.9548379182815552
385,德國經濟恢復乏力，增長速度低於預期，將停滯不前。,合作/競爭/持股/交易,德國經濟勉強避免衰退，需等到年底才會恢復成長。這增加了對歐洲最大經濟體未來的擔憂。受訪者預計未來三個月經濟將停滯，GDP成長速度低於預期。,0.9266725778579712
380,台債20年期券標售優於預期，低於標售利率，推動盤面活躍。,收購/合作/競爭/持股/交易,彭博報導，台債20年期券標售優於預期，成交低於標售利率，推動午後盤面活躍。永豐金證券指出，供不應求情況使市場偏多，20年公債得標利率為1.585％，低於預估。台灣央行2年期存單利率兩次小幅走低，顯示央行升準未影響投標需求。,0.9442147612571716
384,聯準會降息，金價飆至每盎司260707美元，市場期待後續利率走勢。,政策轉向/金價上揚/聯準會降息/美元走弱/利率前景,聯準會降息導致美元走弱，金價創下新高，每盎司260707美元。此次降息被視為政策轉向的起始點，旨在確保美國勞動力市場的韌性，防止經濟進一步疲軟。市場仍在消化這一利率前景。,0.9301679730415344
383,前美財長桑默斯關注通膨風險，可能影響聯準會降息。,合作/通脹/聯儲會/降息計劃/風險,美國前財長桑默斯擔憂通膨可能影響聯準會未來降息計劃，風險為通膨上升。,0.9815368056297302
386,中國恒大集團清盤，要求香港法院清盤子公司CEGHoldingsBVILtd。,清盤/香港高等法院/子公司/中國恒大/CEGHoldingsBVILtd,中國恒大集團清盤人將重返香港法庭，要求清盤旗下子公司。香港高等法院將就此進行首場聆訊。清盤人指示中國恒大針對其子公司CEGHoldingsBVILtd提出清盤呈請。大陸恒大清盤人仍在應對如迷宮般複雜的公司結構以及主要資產在大陸內地所涉的司法管轄難題。,0.9236888885498047
387,日本央行總裁宣布政策維持不變，日圓兌美元走跌，股市穩健。,合作/決策/外匯/股市/利率,彭博報導，日本央行總裁表示將維持政策不變，暫不升息，日圓兌美元走跌，市場反應平靜，股市表現穩健，日圓小幅走強。,0.9222766757011414
389,螞蟻集團籌集了65億美元贷款用于再融资。,收購/融資/信貸/循環信貸/境外公司,據知情人士透露，螞蟻集團籌集了65億美元貸款，用於再融資同等規模的離岸信貸額度。這筆三年期貸款分為兩部分，50億美元用於AlipayHongKongHoldingLtd的循環信貸，15億美元用於螞蟻國際境外公司AdvancedNewTechnologiesSingapore的循環信貸。,0.9239798784255981
388,日本8月CPI同比上漲至2.8%。,競爭/持股/政策會議/消費者價格指數CPI/基準利率,彭博報導，日本8月關鍵通膨指標連續第4個月上升，消費者價格指數CPI同比上漲2.8%，高於7月的2.7%。市場預期日本央行將在政策會議上維持基準利率在0.25%不變。,0.9854244589805603
391,中國大陸央行保持9月LPR利率穩定。,收購/合作/競爭/利率穩定/利率維持不變,中國央行在聯準會寬鬆後保持利率穩定。中國大陸9月LPR利率維持不變。,0.9931817650794983
390,斯凱奇股價下跌9.6%，財務長提到中國市場壓力。,股價下跌/銷售壓力/財務長/最大跌幅/周四,彭博報導斯凱奇股價下跌，為自2月以來的最大跌幅。公司財務長提到中國大陸銷售將面臨壓力，股價周四下跌9.6%，收於61.56美元，為8月初以來最低。,0.9972412586212158
396,星展去年服務富人客戶收入暴增，預計將再翻倍。,增長/預測/全球富人/資產轉移/亞洲,星展去年服務富人客戶收入超過20億新幣，比2015年增長一倍，預計到2027年將再增加一倍，因全球富人將資產轉移到亞洲。詳細內容請參閱原文連結。,0.8613701462745667
394,英國8月零售額增長，食品和服裝銷售上揚，成長10%。,競爭/零售/消費者/商店和網上銷售/國家統計局,英國8月零售額成長，受天氣較好影響，消費者增加在食品和服裝支出。英國國家統計局指出，商店和網上銷售的商品金額增長了10%，強於預期的04%。,0.8505274057388306
397,中國考慮放寬一線城市住房限購措施，刺激房地產市場。,競爭/政策/住房市場/一線城市/購房限制,中國政府考慮放寬一線城市的住房限購措施，允許部分城市不再區分首套房和二套房，以刺激房地產市場。这一消息得到内部知情人士的證實，政府也正在討論在北京上海等一線城市放鬆購房的相關戶籍限制。,0.7091022729873657
392,川普批評聯準會降息幅度太大，指出降息出於政治動機。,競爭/利率政策/降息/通脹/總統選舉,美國共和黨總統候選人川普批評聯準會下調基準利率是出於政治動機，認為降息幅度應較小。他指出，這是為了讓某人繼續留任的政治舉動，但不會奏效，因為通膨嚴重。,0.9933726787567139
395,馬來西亞籌資新馬高鐵向中投資者尋數十億美元。,投資/高鐵項目/資金籌集/中國大陸/國有企業,馬來西亞最高元首計畫向中國投資者籌資新馬高鐵項目。消息指具名知情人士透露，尋求數十億美元的資金，目標為中國大陸國有企業。,0.7544612288475037
399,德國電動汽車銷量下滑，歐洲市場也受影響，交付量8月大跌69％。,競爭/合作/交易,德國電動汽車銷售下滑，歐洲市場也受影響。德國市場電動汽車交付量8月下降69％，整體歐洲下降36％。歐洲汽車製造商協會呼籲歐盟重考氣候目標，提出緊急措施以避免製造商未達標面臨巨額罰款。,0.8234814405441284
398,巴菲特持續處置美國銀行股份，本周售出896億美元股份，獲利340億美元。,減持/交易/持股/獲利/披露文件,巴菲特持續處置美國銀行股份，已獲利340億美元，披露文件顯示柏克夏公司本周售出896億美元股份，覆蓋投資成本146億美元，再加股息收入。,0.9852991104125977
401,歐洲央行副總裁暗示下月可能調整利率，並強調12月將有最新預測。,合作/利率調整/經濟狀況/通膨/預測,歐洲央行副總裁表示，將在最後一次會議上更好地瞭解經濟和通膨狀況，並暗示可能在下個月調整利率。他強調12月將有最新預測，並表示將依據數據變化做決定。Guindos強調保持選擇權。,0.9688268899917603
402,洛克菲勒掌控石油市場，國際原油價格攀升，石油業者提高股東回饋。,競爭/持股/原油價格/石油業者/股東回饋,洛克菲勒是現代石油產業之父，曾掌控美國九成石油市場，並透過壓低價格打擊競爭對手。OPEC如今仍採用類似手段，令部分石油業者難以應對，而近期國際原油價格攀升，石油業者開始提高股東回饋。,0.9253441095352173
400,私募信貸規模翻倍，浮息債務更具吸引力，預計貨幣政策將進一步放鬆。,私募信貸/浮息債務/加息環境/基準利率降低/固定收益投資,私募信貸規模較2019年成長了逾一倍，浮息債務在加息環境下更具吸引力。聯準會降息後，行業達17萬億美元的私募信貸市場將飛速成長，但基準利率降低將使固定收益投資更有吸引力。聯準會預計將進一步放鬆貨幣政策，這將對私募信貸市場造成更大影響。,0.9902607798576355
403,SteveEisman變更預測，無法確定川普是否贏得大選。,競爭/投資组合/预测/美国总统大选/转变,投資組合經理SteveEisman撤回先前對川普贏得美國總統大選的預測，原因是拜登退出競選。他表示不知道誰將贏得大選。Eisman之前預測不管拜登是否參選，川普都會贏得11月的大選。Eisman憑藉這一觀點而聞名，他今天宣布了這一轉變。,0.9910017848014832
405,標普500指數漲至5713.02點，創歷史新高，受聯準會降息影響。,競爭/市場表現,標普500指數周四開盤創下盤中歷史新高，上漲17點至5713.02點。這是因為聯準會大幅降息，增強了對美國經濟擴張的信心。,0.9934078454971313
407,AkshaySingal因预测正确联储将降息50个基点而重新评估交易部门押注，市场感到困惑。,降息/交易/聯準會/市場/口風,彭博AkshaySingal對聯準會周三50個基點降息的正確預測是不是高興，因為鮑爾等委員的謹慎口風使他重新思考交易部門的押注。Singal表示聯準會對此可能感到滿意，不被視為過度寬鬆，但市場感到困惑。,0.9963895678520203
