ID,title,extracted_news_info,summary_report,sentiment_result,trend_result,sentiment_ratio,compression_ratio,country
1,美東港口工人協會罷工抗議加薪需求未達成，台股受影響上漲,美東港口工人協會/ILA/美國海事聯盟/USMX/罷工/時薪加薪/全自動化設備/台股貨櫃航運股,美東港口工人協會（ILA）宣布自10月1日起關閉大西洋和墨西哥灣海岸所有港口，抗議美國海事聯盟（USMX）。罷工是因USMX提議未達基層成員要求，拒絕加薪提案。ILA要求時薪每年調漲6美元，約當6年加薪近77％，並禁用全自動化設備。美東港口罷工可能影響36個港口，台股貨櫃航運股受影響上漲。ILA主席指責USMX，,ILA宣布關閉港口抗議USMX未達成基層要求提案，要求每年加薪6美元、禁用自動化設備。罷工可能影響36個港口，台股貨櫃航運股上漲。,ILA宣布關閉港口抗議USMX未達成基層要求提案，罷工可能影響36個港口。台股貨櫃航運股上漲。,-0.42857142857142855,27.0,美国
2,美國人瘋狂購買金條，價值達百萬美元的400盎司金條首次現身，引發高度關注。黃金需求因矽谷銀行事件激增，人們尋找具有實體價值的投資工具。梅南德斯被判有罪，大量金條在他家中被發現，引發廣泛關注。黃金因抗通脹和避險需求上升，價格創下歷史新高。人們投資實物黃金以避免市場波動風,美國人/金條/梅南德斯/黃金/抗通膨/避險/實物投資,美國人瘋買金條，首次有400盎司金條價值達100萬美元，史上首見。矽谷銀行事件引發民眾對黃金的興趣激增，尋找「無法蒸發」的實體價值。梅南德斯被裁定罪名成立，家中查獲大量金條，引發廣泛關注。黃金需求因抗通膨與避險增加，價格創歷史新高。人們對實物黃金投資，避免市場波動風險，,美國人瘋狂購買金條，其中包括價值100萬美元的400盎司金條，創下史上首見。這是由於矽谷銀行事件引發了人們對黃金的興趣激增，他們正在尋找一種「無法蒸發」的實體價值。梅南德斯被證明有罪，他的家中被發現擁有大量金條，這一事件引起了廣泛關注。黃金需求因為抗通脹和避險的需求增加，價格也,上漲。這種趨勢可能反映出人們對經濟不穩定性的擔憂和對貨幣價值的質疑，並導致更多人尋找安全的投資方式。黃金在過去被視為避險資產，可以在經濟不穩定或通脹風險增加時保值。這個趨勢可能在短期內持續下去，但也可能受到經濟恢復和其他投資選擇的影響而逐漸減弱。,0.6363636363636364,55.0,美國
3,美國預防性降息推動公用事業、基建股強勢上揚,美國/預防性降息/公用事業/基建股/聯準會/再生能源/政治變数,美國預防性降息帶動公用事業、基建股強勢，2024年以來漲幅領先科技股。預期聯準會今、明年仍有降息空間，公用事業投資前景甜美。隨著全球央行啟動預防性降息，公用事業股息收益穩健，投資吸引力增加。民主黨候選人賀錦麗支持清潔能源政策，有助公用事業與再生能源長期趨勢。投資者應留意年底政治變數,這則新聞充滿了積極的投資前景，提到了美國預防性降息對公用事業和基建股的積極影響，以及預期聯準會今、明年仍有降息空間。同時也提到了民主黨候選人賀錦麗支持清潔能源政策，對公用事業和再生能源長期趨勢有助益。整體來說，這則新聞傳達了正面的投資訊息。,這則新聞強調了美國預防性降息對公用事業和基建股的積極影響，以及預期聯準會今、明年仍有降息空間。同時也提到了民主黨候選人賀錦麗支持清潔能源政策，對公用事業和再生能源長期趨勢有助益。整體來說，這則新聞傳達了正面的投資訊息。,0.7142857142857143,19.0,美國
4,台灣製造業PMI連續五個月擴張，達2024年來最高水平,台灣製造業/PMI/電子產業/國際市場需求/鋼鐵/石化/美國降息政策,台灣製造業PMI預計連續五個月擴張，達到2024年來的最高水平。9月PMI預計繼續維持50以上的擴張區，受到電子產業旺季和國際市場需求的支撐。然而，其他產業如鋼鐵、石化等仍面臨景氣谷底的挑戰。美、歐、中國的PMI仍呈緊縮，但美國和歐洲的降息政策有望降低企業不確定性，對台灣PMI有正向支持。,台灣製造業PMI預計連續五個月擴張，達到2024年來的最高水平，預計9月同樣繼續保持擴張。電子產業旺季和國際市場需求支撐PMI增長，但鋼鐵、石化等產業仍面臨挑戰。美、歐、中國的PMI維持收縮，但美國和歐洲的降息政策有望降低企業不確定性，有助於支持台灣PMI。,台灣製造業PMI連續五個月擴張，2024年來達最高水平，預計9月也將保持擴張。電子產業旺季和國際市場需求支撐增長，但其他產業仍面臨挑戰。美、歐、中國的PMI維持收縮，但美國和歐洲的降息政策有望降低企業不確定性，有助於支持台灣PMI。,0.75,22.0,台灣
5,8月景氣燈號亮出紅燈，經濟回溫,景氣燈號/新機備貨/鋼鐵/石化產業/國際金融情勢/製造業出貨/出口回升,8月景氣燈號亮出紅燈，經濟回溫。新機備貨帶動市場熱度，鋼鐵、石化產業表現亮眼。國際金融情勢熱絡，7月颱風影響製造業出貨，8月出口回升。海關出口值、工業生產指數、工業及服務業加班工時轉為紅燈。景氣指標顯示國內景氣持續成長，8月景氣對策信號分數39分，創,8月景氣燈號紅燈，經濟回溫。新機備貨帶動市場熱度，鋼鐵、石化產業表現亮眼。國際金融情勢熱絡，7月颱風影響製造業出貨，8月出口回升。但海關出口值、工業生產指數、工業及服務業加班工時轉為紅燈。景氣指標顯示國內景氣持續成長，8月景氣對策信號分數39分，創新高,8月景氣燈號紅燈，經濟回溫。新機備貨帶動市場熱度，鋼鐵、石化產業表現亮眼。國際金融情勢熱絡，7月颱風影響製造業出貨，8月出口回升。但海關出口值、工業生產指數、工業及服務業加班工時轉為紅燈。景氣指標顯示國內景氣持續成長，8月景氣對策信號分數39分，創新高,1.0,19.0,TWN
6,消費者信心指數微增，持續看好購房時機,消費者信心指數/購房時機/央行/房市/景氣/內需/服務業,9月消費者信心指數微增，持續看好購房時機，連續49個月維持樂觀區。央行打炒房未干擾高資產民眾，買房仍活躍。景氣盤整，房市有機會找到理想物件。內需穩健，服務業熱絡，缺工衝高薪資水準。民眾正面看待景氣，物價壓力減輕。,9月消費者信心指數微增，持續看好購房時機，連續49個月維持樂觀區。央行打炒房未干擾高資產民眾，買房活躍。景氣盤整，房市有機會找到理想物件。內需穩健，服務業熱絡，缺工衝高薪資。民眾正面看待景氣，物價壓力減輕。,消費者信心指數微增，持續看好購房時機，連續49個月維持樂觀區。央行打炒房未干擾高資產民眾，買房活躍。景氣盤整，房市有機會找到理想物件。内需穩健，服務業熱絡，缺工衝高薪資。民眾正面看待景氣，物價壓力減輕。,0.7142857142857143,18.0,台灣
7,9月消費新手機推出，景氣紅燈再次亮起,國發會/消費新手機/景氣紅燈/降息/美國大選/中東局勢/極端氣候/景氣概況,國發會表示，9月消費新手機推出，景氣紅燈再次亮起。除了降息近程外，美國大選結果、中東局勢與長期極端氣候等因素都可能影響經濟波動。8月份的景氣概況分數增加了4分，海關出口值、工業生產指數、工業及服務業加班工時轉為紅燈。展望未來，新興科技應用和消費性電子新品上市將帶動出口動能，投資和消費方面,9月份將推出新手機，但景氣紅燈亮起。降息、美國大選、中東局勢和極端氣候都可能影響經濟波動。8月份景氣概況分數增加4分，但海關出口值、工業生產指數和加班工時轉為紅燈。展望未來，新興科技和消費性電子新品將推動出口動能、投資和消費。,9月份將推出新手機，但景氣紅燈亮起。降息、美國大選、中東局勢和極端氣候都可能影響經濟波動。8月份景氣概況分數增加4分，但海關出口值、工業生產指數和加班工時轉為紅燈。展望未來，新興科技和消費性電子新品將推動出口動能、投資和消費。,0.6,16.0,台灣
8,台灣外銷訂單連續六個月成長,外銷訂單/數據/增長/消費性電子產品/預計/人工智慧/雲端需求,"根據經濟部統計處的數據，8月外銷訂單502.2億美元，年增9.1％，連續六個月成長。前八月外銷訂單總額3,751.1億美元，較去年同期增長3.5％。由於消費性電子產品進入銷售旺季，預計9月外銷訂單將更強，有望連續七個月成長。受惠於人工智慧和雲端需求，各大貨品接單皆呈正",外銷訂單持續增長，8月訂單年增9.1％，在連續六個月成長。前八月外銷訂單總額較去年同期增長3.5％，預計因消費性電子需求，9月訂單將繼續增強。人工智慧和雲端需求也帶動各大貨品接單正成長。整體來看，市場呈現積極態勢。,外銷訂單持續增長，8月訂單年增9.1％，連續六個月成長。前八月外銷訂單總額較去年同期增長3.5％，預計因消費性電子需求，9月訂單將繼續增強。人工智慧和雲端需求也帶動各大貨品接單正成長。整體來看，市場呈現積極態勢。,1.0,23.0,臺灣
9,美東港口罷工威脅經濟，汽車業供應鏈恐受重創,美東港口/碼頭/勞資僵局/罷工/汽車業/供應鏈/陽明,美東港口碼頭勞資僵局，罷工恐造成750億美元經濟損失。汽車業也將受到影響，供應鏈或觸底，將釀成經濟災難。陽明已啟動因應措施，採取調漲費率、調整船舶計畫等應對手段。罷工一旦爆發，將引發市場騷動、船舶調度挑戰，造成航商沉重考驗。,美東港口碼頭勞資僵局，罷工可能導致750億美元的經濟損失。汽車業也將受到影響，供應鏈可能崩潰，並導致經濟災難。陽明已經開始採取應對措施，例如調漲費率和調整船舶計畫。一旦罷工發生，市場將產生不穩定，船舶調度將面臨巨大挑戰，航運公司將面臨嚴峻考驗。,美東港口碼頭勞資僵局可能導致750億美元的經濟損失，汽車業供應鏈崩潰，陽明已採取應對措施，市場將不穩定，船舶調度面臨挑戰。,0.125,20.0,美國
10,央行突然信用管制可能降低民眾對政府的信任度，不動產協進會呼籲政府應有更妥善的房市調控措施，加強溝通與建築技術提升，並鼓勵多元投資管道。,中華民國/不動產協進會/央行/信用管制/房市調控/市場穩定/建築技術,中華民國不動產協進會理事長張麗莉表示，央行在第七波信用管制中毫無預警地出手，可能降低民眾對政府的信任度，並傷害無辜民眾。她建議政府在調控房市時需有更妥善的配套措施，讓市場更穩定。張麗莉同時指出營建成本上漲、缺工等困境，建議政府溝通與提升建築技術，並建立多元的投資管道，鼓勵,張麗莉對央行第七波信用管制毫無預警的做法表示批評，認為可能降低民眾對政府的信任度，並傷害無辜民眾。她建議政府在調控房市時需有更妥善的配套措施，讓市場更穩定。同時指出營建成本上漲、缺工等困境，建議政府溝通與提升建築技術，並建立多元的投資管道，鼓勵。,趨勢分析:張麗莉對央行第七波信用管制的做法表示批評，并提出了相關建議。她認為這種無預警的做法可能降低民眾對政府的信任度，並可能對無辜民眾造成傷害。她建議政府在調控房市時需有更妥善的配套措施，以使市場更穩定。此外，她還指出營建成本上漲和缺工等問題，并建議政府加強溝通、提升建築技術，,0.6470588235294118,17.0,中華民國
11,美國聯準會降息預期推動公用事業、基建股強勁表現,美聯準會/ 降息/ 全球央行/ 防禦類股/ 民主黨/ 基礎建設/ 清潔能源,美國聯準會降息預期推動公用事業、基建股強勁表現，預計今、明年仍有降息空間。全球央行啟動預防性降息，有利防禦類股評價及獲利成長上調。美國選情變化可能影響基礎建設與能源產業後市，支持度較高的民主黨總統候選人對清潔能源政策採開放支持態度。公用事業股價展現強勁防禦力，若金融市場遭,美國聯準會降息預期推動公用事業、基建股強勁表現，預計今、明年仍有降息空間。全球央行啟動預防性降息，有利防禦類股評價及獲利成長上調。公用事業股價展現強勁防禦力，支持度較高的民主黨總統候選人對清潔能源政策採開放支持態度。,美國聯準會降息預期推動公用事業、基建股強勁表現，預計今、明年仍有降息空間。全球央行啟動預防性降息，有利防禦類股評價及獲利成長上調。公用事業股價展現強勁防禦力，支持度較高的民主黨總統候選人對清潔能源政策採開放支持態度。整體而言，公用事業和基建股受到降息預期和政策支持的影響，呈,0.5,8.0,美國
12,美聯準宣布多次降息，刺激經濟成長、降低借貸成本,美國聯準會/降息/成長/借貸成本/消費/投資/資金流動,美國聯準會宣布降息2碼，預計今年11月和12月各再降1碼，2025年還會降息4次，2026年則有2次。降息可刺激經濟成長，降低借貸成本，鼓勵消費和投資。對市場影響包括增加資金流動、提升外銷競爭力，但也可能導致貨幣貶值。降息是由央行決定，目的是應對經濟放緩或通膨高漲的情況，以促進經,聯準會宣布持續降息，對經濟有正面影響，但也可能導致貨幣貶值。降息是因應經濟走緩或通膨高漲的措施。,聯準會持續降息對經濟有正面影響，但可能導致貨幣貶值。降息是因應經濟走緩或通膨高漲的措施。,-0.2,105.0,美國
13,美國聯準會宣布多次降息，刺激經濟成長和穩定金融市場,聯準會/降息循環/FED/經濟成長/消費與投資/通貨膨脹/貨幣政策,美國聯準會宣布降息循環，FED預計多次降息來刺激經濟成長。降息可降低借貸成本，刺激消費與投資，應對經濟放緩或衰退。降息也可應對通貨膨脹、通縮問題，穩定金融市場，提升出口競爭力。央行透過升降息、存款準備率等手段調整貨幣政策。投資者應關注降息對市場的影,美國聯準會宣布降息循環，FED預計多次降息來刺激經濟成長。降息可降低借貸成本，刺激消費與投資，應對經濟放緩或衰退。降息也可應對通貨膨脹、通縮問題，穩定金融市場，提升出口競爭力。央行透過升降息、存款準備率等手段調整貨幣政策。投資者應關注降息對市場的影,美國聯準會宣布降息循環，預計多次降息來刺激經濟成長。降息有助於降低借貸成本，刺激消費與投資，以應對經濟放緩或衰退。此舉也有助於應對通貨膨脹、通縮問題，穩定金融市場，同時提升出口競爭力。投資者應密切關注降息對市場的影響。,0.0,105.0,美國
30,金管會推出虛擬資產專法，分四階段管理業者，明年底正式上路,金管會/虛擬資產專法/四階段管理業者/特許制/核准者刑責/業者管理/客戶保護/透明度,金管會明年底將推出虛擬資產專法，分四階段管理業者。第三階段須在2025年9月底前登記，否則禁止營運；第四階段將實施「特許制」，未經核准者將受刑責。專法要求虛擬資產業者經金管會核發執照後方得營運，加強業者管理及客戶保護。這是為跟隨國際潮流，規範虛擬資產交易，提高業界透明度,金管會將推出虛擬資產專法，分四階段管理業者，要求業者必須在2025年9月底前登記以避免禁止營運。第四階段將實施特許制，未經核准者將受刑責。專法旨在加強業者管理及客戶保護，符合國際潮流並提高業界透明度。,金管會將推出虛擬資產專法，要求業者在2025年9月底前登記以避免禁止營運，並將分四階段管理業者，第四階段實施特許制以加強管理及客戶保護，未經核准者將受刑責。該專法是為符合國際潮流並提高業界透明度。,0.0,20.0,台灣
31,中信金宣布終止公開收購新光金，股東臨時會將是下個關卡。,台新金/新光金/中信金/股東臨時會/換股條件/合意併購/非合意併購,台新金、新光金併購案經金管會緩議後，中信金宣布終止公開收購新光金。10月9日的股東臨時會將是下個關卡。台新金與新光金的換股條件引起爭議，股東臨時會結果不明。這場延宕20年的併購戲劇進展迅速，中信金介入後加劇了情勢，成為首次有「合意併購」與「非合意併購」對決的案例。然而，金管會宣布「緩議,台新金與新光金的併購案，中信金宣布終止公開收購。股東臨時會即將召開，換股條件引起爭議，結果不明。這是一個延宕20年的併購案，中信金介入後情勢加劇，成為「合意併購」與「非合意併購」對決。金管會宣布緩議。,中信金宣布終止公開收購台新金和新光金的併購案，對於股東臨時會的換股條件引起了爭議。這個併購案已經延宕了20年，在中信金介入後，情勢變得更加緊張，成為了「合意併購」和「非合意併購」的對決。金管會宣布要緩議這個問題，目前還不清楚最終結果如何。,0.14285714285714285,40.0,台灣
32,金管會：投保多份實支實付醫療險，保險公司須提供收據證明，損害填補機制尚未確定。,金管會/實支實付醫療險/保險公司/理賠/醫療費用收據/損害填補機制/保戶,金管會釋疑實支實付醫療險計畫，要求被保險人同時投保不同性質或相同性質的實支實付險時，首家受理理賠的保險公司需開立醫療費用收據正本留存證明或理賠差額證明。保戶申請理賠只需提供醫療費用收據原件給保險公司。此外，未來的損害填補機制是否由保險公司按比例分攤仍在討論中。,金管會釋疑實支實付醫療險計畫，要求投保不同性質或相同性質的保險時，保險公司需提供相應文件。損害填補機制的具體安排則仍在討論中。,金管會釋疑實支實付醫療險計畫，強調保險公司需提供相應文件，但尚未就損害填補機制達成具體安排。,0.3333333333333333,16.0,台灣
33,壽險業結損148億元，稅前淨值增至2兆8245億,匯損/壽險業/獲利/投資收益/淨值/稅前損益/保險業,8月，台幣升值2.73%，壽險業因匯損虧損148億元，獲利累計2857億減少。保險業稅前損益全年增加92.2%，整體淨值27.8%增加至2兆8245億，國外投資收益為6082億，國內為4162億，淨收益為9147億。,台幣升值2.73%導致壽險業匯損148億元，獲利減少累計2857億元。保險業稅前損益增加92.2%，整體淨值增加至2兆8245億，國外投資收益為6082億，國內為4162億，淨收益為9147億。,最近台幣升值對壽險業造成了匯損，損失達到148億元，並導致壽險業的獲利減少了2857億元。不過，整體而言，保險業的稅前損益增加了92.2%。此外，保險業的淨值也增加到了2兆8245億元。在投資收益方面，國外投資收益為6082億元，國內投資收益為4162億元，總體淨收益為9147億元。,1.0,17.0,台灣
34,金管會鬆綁保險業投資自家公司發行的資本性次順位債券,金管會/保險業/資本性質的次順位債券/籌資彈性/資本結構/國際制度/保險業關係人,金管會宣布，保險業大股東、董監事、經理人等「關係自然人」即日起可以投資自家公司發行具資本性質的次順位債券。此舉有助提高保險業者籌資彈性，強化資本結構並接軌國際制度。具資本性質的債券包括可轉換公司債、無到期日非累積或累積公司債及長期公司債。此次鬆綁只適用於保險業關係人的「自然人,金管會宣布保險業可以投資自家公司發行次順位債券，有助提高籌資彈性，強化資本結構。這將有助於保險業者接軌國際制度。,金管會宣布保險業可以投資自家公司發行次順位債券，這將有助於增加保險業者的籌資能力並加強其資本結構。同時，此舉也使保險業者能夠遵循國際制度，接軌世界標準。,1.0,20.0,台灣
35,保險公司調升美元保單利率，全球人壽最高，台新人壽和台灣人壽分別為4.1%和4.15%。其他公司則宣布利率不變。利率是指保戶投資報酬率，會根據經濟環境的波動而有所變動。,保險業/利率/保單/投資/報酬率/經濟/波動,保險業調升美元保單利率，台新人壽4.1%，台灣人壽4.15%，全球人壽最高。其他公司宣告利率不變。宣告利率指保戶投資報酬率，隨經濟環境波動。,保險業調升美元保單利率，台新人壽4.1%，台灣人壽4.15%，全球人壽最高。其他公司宣告利率不變。利率調整是基於經濟環境的波動。,保險業調升美元保單利率，台新人壽4.1%，台灣人壽4.15%，全球人壽最高，其他公司宣告利率不變。此調整反映保險業對經濟環境波動的憂慮，可能代表保險公司對風險評估更為保守，希望提高資金回報率。,1.0,18.0,美國
36,新光金進行合併，外資支持率可能提高,新光金/台新金/股東臨時會/外資投票顧問機構/主權基金/合併案/新光人壽,新光金正在與台新金進行合併，在股東臨時會前，已獲得外資投票顧問機構的贊成票，預計能獲得三成支持，在主權基金的支持下，合併案的支持率還有機會提高。新光金董事長表示，已與外資就合併案中的疑慮進行溝通。此外，新光人壽將會通過一系列措施提高資本，包括還回不動產利益、轉列資本的保單死利差互抵準備,新光金與台新金進行合併，已獲得外資投票顧問機構的贊成票，預計能獲得三成支持。主權基金的支持下，合併案的支持率有機會提高。新光金董事長已與外資溝通合併案中的疑慮。新光人壽將通過一系列措施提高資本。,新光金與台新金合併案已獲外資投票顧問機構支持，預計能獲得三成支持。主權基金的支持可能提高合併案的支持率。新光金董事長與外資討論疑慮，新光人壽也將採取措施提高資本。整體趨勢顯示合併案進展順利且支持率可能提升。,0.6,23.0,台灣
37,2024年國銀聯貸額下降至335億美元，預計第4季將有大型風電、AI和政府標案聯貸需求。洽談多個大型聯貸案，預估全年聯貸額約550至600億美元。,國銀/聯貸/風電/AI/政府標案/再生能源/投資,2024年前三季國銀聯貸下降至335億美元，年減14%。第4季預計有大型風電、AI和政府標案等聯貸需求。2023年創下史上最高聯貸額，2024年難以超越。目前洽談多個大型聯貸案，預估全年聯貸額約在550至600億美元。第1季增長，第2季季增五成，第3季則因簽約延後而增長減緩。國內聯貸案主要為再生能源、投資,2024年前三季國銀聯貸下降至335億美元，年減14%。第4季預計有大型聯貸需求。2023年創下史上最高聯貸額，2024年難以超越。洽談多個大型聯貸案，全年預估約550至600億美元。第1季增長，第2季成長五成，第3季增長減緩。國內主要聯貸案為再生能源、投資。,2024年前三季國銀聯貸下降至335億美元，年減14%，但第4季預計有大型聯貸需求。全年預估約550至600億美元，洽談多個大型聯貸案，主要聯貸案為再生能源和投資領域。整體趨勢為在2024年第4季有望出現大型聯貸需求，但全年聯貸額可能難以超越上年份。,0.5555555555555556,25.0,政府標案等領域，2024年預計仍有持續需求，全年聯貸額約在550至600億美元。
38,台新金控代子公司台新證券因期貨交易違規被罰款20萬美元,台新證券/芝加哥商品交易所/期貨交易/美國商品期貨交易委員會/CFTC/罰款/改善措施,台新金控代子公司台新證券因在2012年10月至12月期間在芝加哥商品交易所的期貨交易中違規，被美國商品期貨交易委員會罰款20萬美元。台新證券已與CFTC達成和解並同意支付罰金。台新金控表示，已採取改善措施。,台新金控旗下的台新證券因在2012年期間在芝加哥商品交易所的期貨交易中違規，被美國商品期貨交易委員會罰款20萬美元。台新證券已支付罰金並與CFTC達成和解。台新金控表示已採取改善措施。,台新證券因在2012年在芝加哥商品交易所的期貨交易中違規，被美國商品期貨交易委員會罰款20萬美元。台新金控已支付罰款並與CFTC達成和解，並表示已採取改善措施。,0.3333333333333333,10.0,美國
39,標題：台灣新新併股臨時股東會引起爭議，反對股東質疑合併程序和利益衝突,台灣新新/併股/臨時股東會/合併/股東/增資/董事會,台灣新新併股臨時股東會即將舉行，反對合併的股東林伯翰質疑合併後的獲利和增資問題。他指出，在目前的合併提案中，董事會存在利益衝突，且缺乏透明和公平的程序。林伯翰呼籲股東反對合併，推動確保透明度、公平性和最大化股東價值的程序。委託書徵求部分，目前尚有許多大股東未表態，外資也預計在10月6,日之前表明立場。新新公司則強調合併可以提升營運效率並擴大規模，並表示已全力以赴推動合併事宜，尊重股東意見。合併事項需經臨時股東會通過後生效。,日前有立場表明反對合併，新新公司則積極推動合併以提升效率和擴大規模，並尊重股東意見。合併需經臨時股東會通過生效。整體而言，合併似乎正面臨著股東立場之爭。,1.0,20.0,台灣
40,新台幣匯率升值，台股下滑,新台幣/匯率/升值/台股/出口商/外資/美元,新台幣匯率在第3季升值接近8角，達到近六個半月新高，與台股下滑背道而馳。9月累計升值2.89角，第3季升值金額擴大至7.99角，但整體仍貶值9.16角。出口商抛售新台幣，外資則大量賣出台股並匯出美元，導致匯市交投熱絡。新台幣匯率受亞洲主要貨幣升值的帶動。台股昨天大跌，外資單日賣超400億元。,新台幣匯率在第3季升值8角，達到近六個半月新高。出口商抛售新台幣，外資賣出台股並匯出美元，導致匯市交投熱絡。新台幣匯率受亞洲主要貨幣升值的帶動。台股昨天大跌，外資單日賣超400億元。,新台幣匯率在第3季升值8角，到達近六個半月來的新高，這是由於出口商抛售新台幣以及外資賣出台股匯出美元所導致的。匯市交投熱絡，同時新台幣匯率也受到亞洲主要貨幣升值的帶動。然而，台股最近一天出現大幅下跌，外資單日賣出超過400億元。,0.6666666666666666,17.0,台灣
41,台股回神上漲逾百點，美元兌新台幣重貶，外資及陸資賣超134.9億元。,台股/外資匯市/匯出/新台幣兌美元/收盤上漲/降息預期/央行努力,台股今天回神漲逾百點，但外資匯市大量匯出，新台幣兌美元爆量重貶1.86角，收31.837元。台股收盤上漲165.85點，終場收22390.39點。外資及陸資賣超134.9億元。美聯準主席鮑爾的談話澆熄了市場的大幅降息預期。央行努力調節力守，但供需失衡。美元指數反彈，新台幣可能先看31.9元關卡能否守住。美元指數反彈0.,台股今天上漲逾百點，外資匯出，新台幣兌美元貶值至31.837元，美聯準主席鮑爾的談話澆熄了市場的大幅降息預期。台股收盤上漲165.85點，終場收22390.39點，外資及陸資賣超134.9億元。央行努力調節力守，但供需失衡。美元指數反彈，新台幣可能面臨31.9元關卡。,台股今日上漲逾百點，收盤上漲165.85點，終場收22390.39點。外資及陸資賣超134.9億元，新台幣兌美元貶值至31.837元。市場預期的大幅降息被美聯準主席鮑爾的談話澆熄，導致台股的上漲。儘管央行努力調節力守，但供需失衡以及美元指數反彈可能使新台幣面臨31.9元關卡。整體而言，台股走勢表現良好，但是,-0.14285714285714285,14.0,台灣
42,美聯儲主席鮑爾強硬態度澆熄市場降息預期，動搖亞洲貨幣且影響台股表現。,美聯儲主席鮑爾/更強硬態度/市場大幅降息/新台幣盤中重貶/股匯呈兩樣情/美元走強/住房通膨,美聯儲主席鮑爾表示將對經濟採取更強硬態度，澆熄市場大幅降息預期，導致新台幣盤中重貶逾2角，股匯呈兩樣情。其強硬態度讓美元走強，影響亞洲貨幣，台股雖早盤一度上漲逾200點，卻不見持續。鮑爾預計今年再降息2次，警告住房通膨可能需數年才能降至理想水準。,美聯儲主席鮑爾的強硬態度導致新台幣貶值並影響亞洲其他貨幣的走勢。台股雖有短暫上漲，但無法持續。鮑爾預計今年將再降息兩次，並且警告住房通脹可能需要數年才能降至理想水準。,美聯儲主席鮑爾的強硬態度和降息預期，導致亞洲貨幣貶值並影響台股表現。鮑爾預計將再降息兩次，並警告房市通脹問題可能長期存在。,0.0,13.0,美國
43,台股大跌，新台幣兌美元收31.651元，月線季線皆收紅。,台股/新台幣/月線/季線/台北元太匯市場/成交金額/台股電子/航運股/出口商/外資/新台幣月累計升/美國PCE指數/美元走弱/資金回流/亞洲市場/新台幣短期挑戰,台股大跌，新台幣兌美元收31.651元，月線季線皆收紅。台北元太匯市場成交金額擴大。台股電子與航運股走弱，終場下跌598.25點。出口商拋匯需求推升新台幣，外資匯出使升幅收斂。新台幣月累計升2.89角，季線由黑翻紅。美國PCE指數低於預期，美元走弱，資金回流亞洲市場，新台幣短期可望挑戰31.5元,台股大跌，新台幣兌美元收31.651元，台股電子與航運股走弱，終場下跌598.25點。出口商拋匯需求推升新台幣，外資匯出使升幅收斂。新台幣月累計升2.89角，季線由黑翻紅。美國PCE指數低於預期，美元走弱，資金回流亞洲市場，新台幣短期可望挑戰31.5元。,台股大跌且電子與航運股走弱，新台幣兌美元持續走高至31.651元，外資匯出壓抑升幅。出口商拋匯需求增加，使新台幣升值，月累計升值2.89角，季線由黑翻紅。美國PCE指數不如預期，導致美元走弱，資金回流亞洲市場，新台幣短期有望挑戰31.5元。,-0.25,14.0,台灣
44,中信銀行榮獲金管會最佳協力獎，肯定金融教育努力,中信銀行/金管會/協力獎/金融教育/中國信託銀行/文薈館/創新科技,中信銀行榮獲金管會最佳協力獎，肯定其協助推動金融教育。中國信託銀行的文薈館以互動展件提供金融教育，並與教育機構及警察局合作推廣財商課程。該文薈館不僅榮獲獎項，更以創新科技展示金融歷史與數位趨勢，打造新型金融教育空間。這些努力幫助民眾建立正確金融,中信銀行獲獎肯定其推動金融教育的努力。中國信託銀行的文薈館以互動展件提供金融教育，並與教育機構、警察局合作推廣財商課程。該文薈館以創新科技展示金融歷史與數位趨勢，打造新型金融教育空間。這些努力有助於民眾建立正確金融觀念。,中信銀行和中國信託銀行都在積極推動金融教育，並獲得肯定。中信銀行通過獲獎肯定了其努力，而中國信託銀行則通過建立文薈館，以互動展件提供金融教育，並與教育機構、警察局合作推廣財商課程。文薈館通過創新科技展示金融歷史和數位趨勢，為民眾提供了一個新型的金融教育,0.8461538461538461,13.0,台灣
45,國泰世華銀行推出「自由自債預約信託」助晚年生活照顧。,自債預約信託/外幣債券/預開型信託/晚年生活照顧方案/前期管理費/失能/智時自動移轉債券信託/代理換匯/信託監察人/醫療費用,國泰世華銀行推出「自由自債預約信託」，結合外幣債券和預開型信託，旨在協助民眾建構完善的晚年生活照顧方案。該信託具有五大特色，包括「先預約後交付」、「前期管理費最低僅1美元」、「失能/智時自動移轉債券信託」、「代理換匯」和「信託監察人同意後可協助處分債券」。此舉可避免因需籌措醫療費用而,國泰世華銀行推出「自由自債預約信託」協助民眾建構晚年生活照顧方案，具有五大特色。,近年來，隨著人口老化問題日益嚴重，國泰世華銀行推出了一項名為「自由自債預約信託」的產品，旨在幫助民眾建立晚年生活的照顧方案。這項產品有以下五大特色：  1.自由選擇：該項產品讓民眾可以自由選擇信託資金的使用方式，灵活應對不同的照顧需求。  2.基金管理：國泰世華銀行將提供專業的投資管理團,1.0,19.0,台灣
46,國泰世華銀行榮獲《財資雜誌》肯定，贏得四大獎項，包括財富管理、股權投資解決方案、私人銀行等。銀行8月營收續創新高，穩定增長，深耕資產管理領域。銀行以客戶為中心經營，推動多項業務指標屢獲佳績，高資產客戶年成長率超雙位數。,國泰世華銀行/《財資雜誌》/財富管理/股權投資解決方案/私人銀行/資產管理/客戶為中心,國泰世華銀行榮獲《財資雜誌》肯定，贏得四大獎項，包括財富管理、股權投資解決方案、私人銀行等。銀行8月營收續創新高，穩定增長，深耕資產管理領域。以客戶為中心經營，推動多項業務指標屢獲佳績，高資產客戶年成長率超雙位數。銀行秉持創新理念，與境外資產管理公司合作，提,國泰世華銀行榮獲《財資雜誌》肯定，贏得四大獎項，8月營收續創新高，穩定增長，深耕資產管理領域。以客戶為中心經營，多項業務指標屢獲佳績，高資產客戶年成長率超雙位數。與境外資產管理公司合作，展現創新理念。,國泰世華銀行近期營收表現穩健，獲得多項獎項肯定，主要聚焦在資產管理領域持續深耕。以客戶為中心經營策略下，業務表現不俗，尤其高資產客戶增長率表現亮眼。與境外資產管理公司合作，展現出創新思維。整體而言，國泰世華銀行在實現穩定增長的同時，不斷強化其在資產管理領域的,1.0,30.0,國泰世華銀行榮獲財資雜誌肯定，贏得四大獎項，包括財富管理、股權投資解決方案、私人銀行。銀行8月營收續創新高，穩定增長，深耕資產管理領域。以客戶為中心經營，推動多項業務指標屢獲佳績，高資產客戶年成長率超雙位數。銀行秉持創新理念，與境外資產管理公司合作，提
47,元大銀行新竹高鐵特區開設六家分行，專注科技金融服務，優化客戶使用體驗，推出開幕優惠活動。,元大銀行/新竹高鐵特區/分行/金融服務/科技產業/數位平台/開幕慶祝活動,元大銀行新竹高鐵特區開設六家分行，提供全方位金融服務，專注科技產業，強化科技金融服務，深耕當地。以數位平台優化提升客戶使用體驗，榮獲多項大獎肯定。開幕慶祝活動推出專屬優惠，邀請客戶體驗。,元大銀行在新竹高鐵特區開設六家分行，專注科技產業，提供全方位金融服務，並強化科技金融服務，以擴展在當地的影響力。他們致力於提升客戶的使用體驗，並因此榮獲多項大獎。為了慶祝開幕，他們推出專屬的優惠活動，並邀請客戶前來體驗。,元大銀行近期在新竹高鐵特區開設了六家分行，專注科技產業並提供全方位的金融服務，強化科技金融服務以擴展在當地的影響力。他們注重提升客戶的使用體驗，並在此努力下榮獲多項大獎。為了慶祝分行開幕，他們推出了專屬的優惠活動，並邀請客戶前來體驗。整體來說，元大銀行在科技金融領,1.0,15.0,台灣
48,第一銀行獲金管會「金融教育貢獻獎」的雙獎殊榮，推廣金融教育、防詐觀念提升，並與業界合作展開多元活動。,第一銀行/ 金管會/ 金融教育貢獻獎/ 最佳協力獎/ 最佳投入獎/ 金融素養/ 防詐觀念,第一銀行榮獲金管會「金融教育貢獻獎」的「最佳協力獎」及「最佳投入獎」雙獎殊榮。該行推廣金融教育，提升金融素養，同時協助民眾建立正確的防詐觀念。他們與業界合作，展開多元活動，包括前往各地宣導、發展創新教學手法，並結合ESG永續理念，以提高教學成效。此外，他們還致力,推出線上金融教育平台，提供民眾便利的學習管道，讓更多人受益。該行希望透過這些努力，培養出更具金融素養和防詐能力的民眾，並貢獻社會發展。該行的努力獲得了金管會肯定和讚賞，並希望其他金融機構能夠效法，共同提升金融教育水平。,金融教育平台受到金管會肯定，展現出金融機構對於提升金融素養的重視。這種趨勢有助於推動更多金融機構提供相關教育，進而培養民眾的金融知識和防詐能力，提升整體社會的金融素養水平。,1.0,15.0,台灣
49,元大人壽推出6大颱風山陀兒災後關懷服務措施,颱風山童/ 元大人壽/ 關懷服務/ 理賠/ 保費緩繳/ 借款免利息/ 保戶諮詢,元大人壽因颱風山陀兒來襲，推出6大關懷服務措施：1.主動理賠；2.續期保費緩繳；3.保險單借款免收利息；4.保險單借款利息展延；5.補發保單免收工本費；6.提供保戶諮詢服務。服务针对受灾保户，包括迅速理赔、缓缴保费、延迟利息、補发保单、提供咨询服务，让保户在灾害中得到更多的关怀和支持。,元大人壽推出6大關懷服務措施針對受災保戶，包括主動理賠、續期保費緩繳、保險單借款免收利息、保險單借款利息展延、補發保單免收工本費、提供保戶諮詢服務，讓保戶在災害中得到更多的關懷和支持。,元大人壽推出了6大關懷服務措施，專為受災保戶提供協助。這些措施涵蓋了主動理賠、續期保費緩繳、保險單借款免收利息、保險單借款利息展延、補發保單免收工本費以及提供保戶諮詢服務。這些服務旨在讓保戶在災害中獲得更多關懷和支持。,0.42857142857142855,14.0,臺灣(Taiwan)
50,台灣人壽設立康養事業子公司，投入6千萬元發展健康高齡服務。中信產險也有董事名單變動，包括台灣人壽風控長李明璋加入。,台灣人壽/康養事業/健康高齡服務/中信產險/董事名單變動/高齡化趨勢/保單服務,台灣人壽將在10月初申設康養事業子公司，並投入6千萬元資金發展健康高齡服務。該公司將提供產品與服務，滿足中高齡族群的健康及養老需求，並擴展至社會大眾。中信產險也宣布董事名單變動，其中包括台灣人壽風控長李明璋的加入。此舉是為了應對高齡化趨勢，滿足客戶保單服務及健康、,正向新聞,最近的趨勢分析顯示，正向新聞正成為主流媒體的焦點。人們不再只關注問題和負面事件，而是更加渴望了解成功故事、感人的真實故事和積極的措施。這種趨勢反映出人們對正面和富有啟發性的內容有較高的需求。許多媒體機構和內容創作者也紛紛調整他們的內容策略，提供更多積極的報導和故事，以滿足觀眾的,1.0,13.0,台灣